Maryland,TESLA,MODEL 3,2018,Battery Electric Vehicle (BEV),215,MD
Maryland,SUBARU,CROSSTREK HYBRID AWD,2019,Plug-in Hybrid Electric Vehicle (PHEV),17,MD
Maryland,CHRYSLER,PACIFICA,2018,Plug-in Hybrid Electric Vehicle (PHEV),33,MD
Maryland,TESLA,MODEL X,2018,Battery Electric Vehicle (BEV),238,MD
Maryland,NISSAN,LEAF,2019,Battery Electric Vehicle (BEV),150,MD
Maryland,NISSAN,LEAF,2014,Battery Electric Vehicle (BEV),84,MD
Maryland,TESLA,MODEL X,2019,Battery Electric Vehicle (BEV),289,MD
Maryland,TESLA,MODEL 3,2019,Battery Electric Vehicle (BEV),220,MD
Maryland,NISSAN,LEAF,2017,Battery Electric Vehicle (BEV),107,MD
Maryland,NISSAN,LEAF,2018,Battery Electric Vehicle (BEV),151,MD
Maryland,HYUNDAI,SONATA PLUG-IN HYBRID,2016,Plug-in Hybrid Electric Vehicle (PHEV),27,MD
Maryland,CHEVROLET,VOLT,2018,Plug-in Hybrid Electric Vehicle (PHEV),53,MD
Maryland,TESLA,MODEL 3,2019,Battery Electric Vehicle (BEV),220,MD
Maryland,TESLA,MODEL 3,2018,Battery Electric Vehicle (BEV),215,MD
Maryland,TESLA,MODEL X,2016,Battery Electric Vehicle (BEV),200,MD
Maryland,NISSAN,LEAF,2013,Battery Electric Vehicle (BEV),75,MD
Maryland,TOYOTA,PRIUS,2012,Plug-in Hybrid Electric Vehicle (PHEV),6,MD
Maryland,SUBARU,CROSSTREK HYBRID AWD,2019,Plug-in Hybrid Electric Vehicle (PHEV),17,MD
Maryland,TESLA,MODEL 3,2019,Battery Electric Vehicle (BEV),220,MD
Maryland,HONDA,CLARITY,2018,Plug-in Hybrid Electric Vehicle (PHEV),47,MD
Maryland,KIA,NIRO PLUG-IN HYBRID,2019,Plug-in Hybrid Electric Vehicle (PHEV),26,MD
Maryland,TESLA,MODEL 3,2020,Battery Electric Vehicle (BEV),266,MD
Maryland,TESLA,MODEL 3,2018,Battery Electric Vehicle (BEV),215,MD
Maryland,TOYOTA,PRIUS PRIME,2018,Plug-in Hybrid Electric Vehicle (PHEV),25,MD
Maryland,TOYOTA,PRIUS PRIME,2017,Plug-in Hybrid Electric Vehicle (PHEV),25,MD
Maryland,HONDA,CLARITY,2019,Plug-in Hybrid Electric Vehicle (PHEV),47,MD
Maryland,CHEVROLET,VOLT,2016,Plug-in Hybrid Electric Vehicle (PHEV),53,MD
Maryland,KIA,NIRO PLUG-IN HYBRID,2019,Plug-in Hybrid Electric Vehicle (PHEV),26,MD
Maryland,FORD,FOCUS,2015,Battery Electric Vehicle (BEV),76,MD
Maryland,NISSAN,LEAF,2015,Battery Electric Vehicle (BEV),84,MD
Maryland,NISSAN,LEAF,2016,Battery Electric Vehicle (BEV),84,MD
Maryland,TESLA,MODEL X,2018,Battery Electric Vehicle (BEV),238,MD
Maryland,PORSCHE,PANAMERA,2015,Plug-in Hybrid Electric Vehicle (PHEV),15,MD
Maryland,TESLA,MODEL 3,2018,Battery Electric Vehicle (BEV),215,MD
Maryland,TESLA,MODEL Y,2020,Battery Electric Vehicle (BEV),291,MD
Maryland,TESLA,MODEL Y,2020,Battery Electric Vehicle (BEV),291,MD
Maryland,TESLA,MODEL 3,2019,Battery Electric Vehicle (BEV),220,MD
Maryland,BMW,I3,2017,Battery Electric Vehicle (BEV),81,MD
Maryland,TESLA,MODEL X,2018,Battery Electric Vehicle (BEV),238,MD
Maryland,CHEVROLET,BOLT,2019,Battery Electric Vehicle (BEV),238,MD
Maryland,BMW,I3,2017,Plug-in Hybrid Electric Vehicle (PHEV),97,MD
Maryland,FORD,C-MAX ENERGI,2015,Plug-in Hybrid Electric Vehicle (PHEV),19,MD
Maryland,KIA,NIRO,2018,Plug-in Hybrid Electric Vehicle (PHEV),26,MD
Maryland,FORD,FUSION ENERGI PLUG-IN HYBRID,2019,Plug-in Hybrid Electric Vehicle (PHEV),26,MD
Maryland,HONDA,CLARITY,2018,Plug-in Hybrid Electric Vehicle (PHEV),47,MD
Maryland,TESLA,MODEL 3,2020,Battery Electric Vehicle (BEV),322,MD
Maryland,BMW,I3,2016,Plug-in Hybrid Electric Vehicle (PHEV),72,MD
Maryland,TESLA,MODEL X,2017,Battery Electric Vehicle (BEV),200,MD
Maryland,TESLA,MODEL 3,2018,Battery Electric Vehicle (BEV),215,MD
Maryland,NISSAN,LEAF,2012,Battery Electric Vehicle (BEV),73,MD
Maryland,HONDA,CLARITY,2020,Plug-in Hybrid Electric Vehicle (PHEV),47,MD
Maryland,TESLA,MODEL 3,2018,Battery Electric Vehicle (BEV),215,MD
Maryland,NISSAN,LEAF,2015,Battery Electric Vehicle (BEV),84,MD
Maryland,NISSAN,LEAF,2019,Battery Electric Vehicle (BEV),150,MD
Maryland,TESLA,MODEL 3,2019,Battery Electric Vehicle (BEV),220,MD
Maryland,NISSAN,LEAF,2012,Battery Electric Vehicle (BEV),73,MD
Maryland,BMW,I3,2016,Plug-in Hybrid Electric Vehicle (PHEV),72,MD
Maryland,FORD,FUSION ENERGI,2017,Plug-in Hybrid Electric Vehicle (PHEV),21,MD
Maryland,CHEVROLET,VOLT,2018,Plug-in Hybrid Electric Vehicle (PHEV),53,MD
Maryland,NISSAN,LEAF,2015,Battery Electric Vehicle (BEV),84,MD
Maryland,TOYOTA,PRIUS PRIME,2017,Plug-in Hybrid Electric Vehicle (PHEV),25,MD
Maryland,NISSAN,LEAF,2013,Battery Electric Vehicle (BEV),75,MD
Maryland,CHEVROLET,VOLT,2016,Plug-in Hybrid Electric Vehicle (PHEV),53,MD
Maryland,TESLA,MODEL S,2016,Battery Electric Vehicle (BEV),210,MD
Maryland,TESLA,MODEL S,2013,Battery Electric Vehicle (BEV),208,MD
Maryland,NISSAN,LEAF,2019,Battery Electric Vehicle (BEV),150,MD
Maryland,CHEVROLET,VOLT,2017,Plug-in Hybrid Electric Vehicle (PHEV),53,MD
Maryland,VOLKSWAGEN,E-GOLF,2019,Battery Electric Vehicle (BEV),125,MD
Maryland,TESLA,MODEL 3,2018,Battery Electric Vehicle (BEV),215,MD
Maryland,TESLA,MODEL 3,2020,Battery Electric Vehicle (BEV),308,MD
Maryland,TESLA,MODEL 3,2018,Battery Electric Vehicle (BEV),215,MD
Maryland,CHEVROLET,VOLT,2015,Plug-in Hybrid Electric Vehicle (PHEV),38,MD
Maryland,TOYOTA,PRIUS,2012,Plug-in Hybrid Electric Vehicle (PHEV),6,MD
Maryland,PORSCHE,CAYENNE,2016,Plug-in Hybrid Electric Vehicle (PHEV),14,MD
Maryland,CHEVROLET,VOLT,2013,Plug-in Hybrid Electric Vehicle (PHEV),38,MD
Maryland,VOLVO,XC60 AWD,2018,Plug-in Hybrid Electric Vehicle (PHEV),17,MD
Maryland,NISSAN,LEAF,2012,Battery Electric Vehicle (BEV),73,MD
Maryland,NISSAN,LEAF,2015,Battery Electric Vehicle (BEV),84,MD
Maryland,FORD,C-MAX ENERGI,2013,Plug-in Hybrid Electric Vehicle (PHEV),19,MD
Maryland,BMW,I3,2015,Plug-in Hybrid Electric Vehicle (PHEV),72,MD
Maryland,TESLA,MODEL 3,2019,Battery Electric Vehicle (BEV),220,MD
Maryland,TESLA,MODEL S,2015,Battery Electric Vehicle (BEV),208,MD
Maryland,CHRYSLER,PACIFICA,2018,Plug-in Hybrid Electric Vehicle (PHEV),33,MD
Maryland,TESLA,MODEL X,2016,Battery Electric Vehicle (BEV),200,MD
Maryland,TESLA,MODEL S,2013,Battery Electric Vehicle (BEV),208,MD
Maryland,TESLA,MODEL X,2016,Battery Electric Vehicle (BEV),200,MD
Maryland,NISSAN,LEAF,2013,Battery Electric Vehicle (BEV),75,MD
Maryland,NISSAN,LEAF,2015,Battery Electric Vehicle (BEV),84,MD
Maryland,CHEVROLET,BOLT EV,2020,Battery Electric Vehicle (BEV),259,MD
Maryland,CHRYSLER,PACIFICA,2018,Plug-in Hybrid Electric Vehicle (PHEV),33,MD
Maryland,CHEVROLET,BOLT,2017,Battery Electric Vehicle (BEV),238,MD
Maryland,TESLA,MODEL S,2014,Battery Electric Vehicle (BEV),208,MD
Maryland,NISSAN,LEAF,2013,Battery Electric Vehicle (BEV),75,MD
Maryland,NISSAN,LEAF,2018,Battery Electric Vehicle (BEV),151,MD
Maryland,TESLA,MODEL S,2015,Battery Electric Vehicle (BEV),208,MD
Maryland,TESLA,MODEL Y,2020,Battery Electric Vehicle (BEV),291,MD
Maryland,TESLA,MODEL 3,2020,Battery Electric Vehicle (BEV),266,MD
Maryland,VOLVO,XC60 AWD,2018,Plug-in Hybrid Electric Vehicle (PHEV),17,MD
Maryland,TESLA,MODEL 3,2019,Battery Electric Vehicle (BEV),220,MD
Maryland,TESLA,MODEL S,2017,Battery Electric Vehicle (BEV),210,MD
Maryland,HYUNDAI,SONATA PLUG-IN HYBRID,2016,Plug-in Hybrid Electric Vehicle (PHEV),27,MD
Maryland,TESLA,MODEL 3,2020,Battery Electric Vehicle (BEV),266,MD
Maryland,TESLA,MODEL 3,2020,Battery Electric Vehicle (BEV),266,MD
Maryland,CHEVROLET,BOLT,2019,Battery Electric Vehicle (BEV),238,MD
Maryland,TOYOTA,PRIUS,2013,Plug-in Hybrid Electric Vehicle (PHEV),6,MD
Maryland,NISSAN,LEAF,2019,Battery Electric Vehicle (BEV),150,MD
Maryland,NISSAN,LEAF,2015,Battery Electric Vehicle (BEV),84,MD
Maryland,TESLA,MODEL S,2015,Battery Electric Vehicle (BEV),208,MD
Maryland,CHEVROLET,BOLT,2017,Battery Electric Vehicle (BEV),238,MD
Maryland,TOYOTA,PRIUS,2014,Plug-in Hybrid Electric Vehicle (PHEV),6,MD
Maryland,TESLA,MODEL 3,2020,Battery Electric Vehicle (BEV),322,MD
Maryland,TESLA,MODEL 3,2018,Battery Electric Vehicle (BEV),215,MD
Maryland,NISSAN,LEAF,2018,Battery Electric Vehicle (BEV),151,MD
Maryland,TESLA,MODEL S,2018,Battery Electric Vehicle (BEV),249,MD
Maryland,NISSAN,LEAF,2015,Battery Electric Vehicle (BEV),84,MD
Maryland,TESLA,MODEL 3,2019,Battery Electric Vehicle (BEV),220,MD
Maryland,FIAT,500E,2013,Battery Electric Vehicle (BEV),87,MD
Maryland,FORD,FOCUS,2014,Battery Electric Vehicle (BEV),76,MD
Maryland,NISSAN,LEAF,2015,Battery Electric Vehicle (BEV),84,MD
Maryland,NISSAN,LEAF,2017,Battery Electric Vehicle (BEV),107,MD
Maryland,CHEVROLET,VOLT,2012,Plug-in Hybrid Electric Vehicle (PHEV),35,MD
Maryland,TESLA,MODEL 3,2020,Battery Electric Vehicle (BEV),322,MD
Maryland,FORD,C-MAX ENERGI,2013,Plug-in Hybrid Electric Vehicle (PHEV),19,MD
Maryland,CHEVROLET,BOLT EV,2020,Battery Electric Vehicle (BEV),259,MD
Maryland,NISSAN,LEAF,2015,Battery Electric Vehicle (BEV),84,MD
Maryland,NISSAN,LEAF,2011,Battery Electric Vehicle (BEV),73,MD
Maryland,TESLA,MODEL S,2012,Battery Electric Vehicle (BEV),265,MD
Maryland,KIA,SOUL,2016,Battery Electric Vehicle (BEV),93,MD
Maryland,PORSCHE,CAYENNE,2020,Plug-in Hybrid Electric Vehicle (PHEV),14,MD
Maryland,TESLA,MODEL X,2020,Battery Electric Vehicle (BEV),293,MD
Maryland,VOLVO,XC60 AWD PHEV,2019,Plug-in Hybrid Electric Vehicle (PHEV),17,MD
Maryland,NISSAN,LEAF,2018,Battery Electric Vehicle (BEV),151,MD
Maryland,CHEVROLET,VOLT,2015,Plug-in Hybrid Electric Vehicle (PHEV),38,MD
Maryland,TESLA,MODEL 3,2020,Battery Electric Vehicle (BEV),322,MD
Maryland,CHEVROLET,VOLT,2014,Plug-in Hybrid Electric Vehicle (PHEV),38,MD
Maryland,NISSAN,LEAF,2015,Battery Electric Vehicle (BEV),84,MD
Maryland,FORD,FUSION ENERGI,2014,Plug-in Hybrid Electric Vehicle (PHEV),19,MD
Maryland,FORD,FOCUS,2017,Battery Electric Vehicle (BEV),100,MD
Maryland,TESLA,MODEL 3,2018,Battery Electric Vehicle (BEV),215,MD
Maryland,NISSAN,LEAF,2014,Battery Electric Vehicle (BEV),84,MD
Maryland,TESLA,MODEL 3,2020,Battery Electric Vehicle (BEV),322,MD
Maryland,TESLA,MODEL X,2018,Battery Electric Vehicle (BEV),238,MD
Maryland,CHEVROLET,VOLT,2015,Plug-in Hybrid Electric Vehicle (PHEV),38,MD
Maryland,FORD,FUSION ENERGI,2018,Plug-in Hybrid Electric Vehicle (PHEV),21,MD
Maryland,CHRYSLER,PACIFICA,2018,Plug-in Hybrid Electric Vehicle (PHEV),33,MD
Maryland,CHEVROLET,BOLT EV,2020,Battery Electric Vehicle (BEV),259,MD
Maryland,NISSAN,LEAF,2017,Battery Electric Vehicle (BEV),107,MD
Maryland,TESLA,MODEL S,2015,Battery Electric Vehicle (BEV),208,MD
Maryland,TOYOTA,PRIUS,2015,Plug-in Hybrid Electric Vehicle (PHEV),6,MD
Maryland,KIA,SOUL,2016,Battery Electric Vehicle (BEV),93,MD
Maryland,TESLA,MODEL S,2013,Battery Electric Vehicle (BEV),208,MD
Maryland,KIA,NIRO,2018,Plug-in Hybrid Electric Vehicle (PHEV),26,MD
Maryland,CHEVROLET,BOLT,2018,Battery Electric Vehicle (BEV),238,MD
Maryland,KIA,SOUL,2016,Battery Electric Vehicle (BEV),93,MD
Maryland,HYUNDAI,SONATA PLUG-IN HYBRID,2016,Plug-in Hybrid Electric Vehicle (PHEV),27,MD
Maryland,TESLA,MODEL X,2020,Battery Electric Vehicle (BEV),293,MD
Maryland,CHEVROLET,BOLT,2017,Battery Electric Vehicle (BEV),238,MD
Maryland,TESLA,MODEL 3,2018,Battery Electric Vehicle (BEV),215,MD
Maryland,NISSAN,LEAF,2017,Battery Electric Vehicle (BEV),107,MD
Maryland,TESLA,MODEL 3,2020,Battery Electric Vehicle (BEV),266,MD
Maryland,TESLA,MODEL 3,2018,Battery Electric Vehicle (BEV),215,MD
Maryland,SMART,SMART FORTWO ELECTRIC DRIVE COUPE,2018,Battery Electric Vehicle (BEV),58,MD
Maryland,TESLA,MODEL 3,2018,Battery Electric Vehicle (BEV),215,MD
Maryland,TESLA,MODEL 3,2020,Battery Electric Vehicle (BEV),266,MD
Maryland,TESLA,MODEL 3,2018,Battery Electric Vehicle (BEV),215,MD
Maryland,NISSAN,LEAF,2013,Battery Electric Vehicle (BEV),75,MD
Maryland,CHEVROLET,BOLT,2019,Battery Electric Vehicle (BEV),238,MD
Maryland,CHEVROLET,BOLT,2017,Battery Electric Vehicle (BEV),238,MD
Maryland,NISSAN,LEAF,2016,Battery Electric Vehicle (BEV),84,MD
Maryland,TOYOTA,PRIUS,2013,Plug-in Hybrid Electric Vehicle (PHEV),6,MD
Maryland,NISSAN,LEAF,2018,Battery Electric Vehicle (BEV),151,MD
Maryland,NISSAN,LEAF,2017,Battery Electric Vehicle (BEV),107,MD
Maryland,TESLA,MODEL 3,2019,Battery Electric Vehicle (BEV),220,MD
Maryland,TESLA,MODEL X,2018,Battery Electric Vehicle (BEV),238,MD
Maryland,NISSAN,LEAF,2013,Battery Electric Vehicle (BEV),75,MD
Maryland,NISSAN,LEAF,2019,Battery Electric Vehicle (BEV),150,MD
Maryland,NISSAN,LEAF,2013,Battery Electric Vehicle (BEV),75,MD
Maryland,CHEVROLET,VOLT,2017,Plug-in Hybrid Electric Vehicle (PHEV),53,MD
Maryland,CHEVROLET,BOLT,2017,Battery Electric Vehicle (BEV),238,MD
Maryland,NISSAN,LEAF,2019,Battery Electric Vehicle (BEV),150,MD
Maryland,BMW,I3,2015,Plug-in Hybrid Electric Vehicle (PHEV),72,MD
Maryland,CHEVROLET,VOLT,2013,Plug-in Hybrid Electric Vehicle (PHEV),38,MD
Maryland,CHRYSLER,PACIFICA,2018,Plug-in Hybrid Electric Vehicle (PHEV),33,MD
Maryland,TOYOTA,PRIUS PRIME,2018,Plug-in Hybrid Electric Vehicle (PHEV),25,MD
Maryland,NISSAN,LEAF,2018,Battery Electric Vehicle (BEV),151,MD
Maryland,BMW,I3,2017,Plug-in Hybrid Electric Vehicle (PHEV),97,MD
Maryland,CHRYSLER,PACIFICA,2018,Plug-in Hybrid Electric Vehicle (PHEV),33,MD
Maryland,TESLA,MODEL X,2017,Battery Electric Vehicle (BEV),200,MD
Maryland,NISSAN,LEAF,2011,Battery Electric Vehicle (BEV),73,MD
Maryland,TESLA,MODEL S,2014,Battery Electric Vehicle (BEV),208,MD
Maryland,TESLA,MODEL 3,2020,Battery Electric Vehicle (BEV),266,MD
Maryland,TESLA,MODEL S,2015,Battery Electric Vehicle (BEV),208,MD
Maryland,CHRYSLER,PACIFICA HYBRID,2019,Plug-in Hybrid Electric Vehicle (PHEV),32,MD
Maryland,NISSAN,LEAF,2011,Battery Electric Vehicle (BEV),73,MD
Maryland,NISSAN,LEAF,2015,Battery Electric Vehicle (BEV),84,MD
Maryland,NISSAN,LEAF,2016,Battery Electric Vehicle (BEV),84,MD
Maryland,VOLKSWAGEN,E-GOLF,2019,Battery Electric Vehicle (BEV),125,MD
Maryland,TESLA,MODEL S,2013,Battery Electric Vehicle (BEV),208,MD
Maryland,TESLA,MODEL Y,2020,Battery Electric Vehicle (BEV),291,MD
Maryland,TESLA,MODEL S,2014,Battery Electric Vehicle (BEV),208,MD
Maryland,TESLA,MODEL 3,2019,Battery Electric Vehicle (BEV),220,MD
Maryland,NISSAN,LEAF,2018,Battery Electric Vehicle (BEV),151,MD
Maryland,TESLA,MODEL S,2017,Battery Electric Vehicle (BEV),210,MD
Maryland,TESLA,MODEL X,2019,Battery Electric Vehicle (BEV),289,MD
Maryland,CHEVROLET,VOLT,2018,Plug-in Hybrid Electric Vehicle (PHEV),53,MD
Maryland,KIA,NIRO,2018,Plug-in Hybrid Electric Vehicle (PHEV),26,MD
Maryland,TESLA,MODEL X,2017,Battery Electric Vehicle (BEV),200,MD
Maryland,TESLA,MODEL S,2018,Battery Electric Vehicle (BEV),249,MD
Maryland,CHEVROLET,VOLT,2017,Plug-in Hybrid Electric Vehicle (PHEV),53,MD
Maryland,CHEVROLET,VOLT,2017,Plug-in Hybrid Electric Vehicle (PHEV),53,MD
Maryland,NISSAN,LEAF,2012,Battery Electric Vehicle (BEV),73,MD
Maryland,HONDA,CLARITY,2018,Plug-in Hybrid Electric Vehicle (PHEV),47,MD
Maryland,NISSAN,LEAF,2011,Battery Electric Vehicle (BEV),73,MD
Maryland,TESLA,MODEL 3,2019,Battery Electric Vehicle (BEV),220,MD
Maryland,TESLA,MODEL 3,2019,Battery Electric Vehicle (BEV),220,MD
Maryland,TOYOTA,PRIUS PRIME,2018,Plug-in Hybrid Electric Vehicle (PHEV),25,MD
Maryland,TESLA,MODEL X,2020,Battery Electric Vehicle (BEV),293,MD
Maryland,CHEVROLET,VOLT,2016,Plug-in Hybrid Electric Vehicle (PHEV),53,MD
Maryland,TESLA,MODEL X,2018,Battery Electric Vehicle (BEV),238,MD
Maryland,TESLA,MODEL 3,2019,Battery Electric Vehicle (BEV),220,MD
Maryland,TESLA,MODEL X,2016,Battery Electric Vehicle (BEV),200,MD
Maryland,NISSAN,LEAF,2017,Battery Electric Vehicle (BEV),107,MD
Maryland,NISSAN,LEAF,2013,Battery Electric Vehicle (BEV),75,MD
Maryland,FORD,FUSION ENERGI,2015,Plug-in Hybrid Electric Vehicle (PHEV),19,MD
Maryland,TESLA,MODEL 3,2019,Battery Electric Vehicle (BEV),220,MD
Maryland,TESLA,MODEL 3,2019,Battery Electric Vehicle (BEV),220,MD
Maryland,TESLA,MODEL 3,2020,Battery Electric Vehicle (BEV),322,MD
Maryland,TESLA,MODEL 3,2018,Battery Electric Vehicle (BEV),215,MD
Maryland,VOLVO,XC60 AWD PHEV,2019,Plug-in Hybrid Electric Vehicle (PHEV),17,MD
Maryland,VOLKSWAGEN,E-GOLF,2019,Battery Electric Vehicle (BEV),125,MD
Maryland,TESLA,MODEL 3,2019,Battery Electric Vehicle (BEV),220,MD
Maryland,TESLA,MODEL 3,2018,Battery Electric Vehicle (BEV),215,MD
Maryland,KIA,NIRO PLUG-IN HYBRID,2019,Plug-in Hybrid Electric Vehicle (PHEV),26,MD
Maryland,CHEVROLET,BOLT EV,2020,Battery Electric Vehicle (BEV),259,MD
Maryland,TESLA,MODEL 3,2020,Battery Electric Vehicle (BEV),308,MD
Maryland,NISSAN,LEAF,2017,Battery Electric Vehicle (BEV),107,MD
Maryland,BMW,I3,2017,Plug-in Hybrid Electric Vehicle (PHEV),97,MD
Maryland,TESLA,MODEL 3,2018,Battery Electric Vehicle (BEV),215,MD
Maryland,BMW,X5 XDRIVE40E,2017,Plug-in Hybrid Electric Vehicle (PHEV),14,MD
Maryland,AUDI,A3 E-TRON,2018,Plug-in Hybrid Electric Vehicle (PHEV),16,MD
Maryland,CHEVROLET,VOLT,2014,Plug-in Hybrid Electric Vehicle (PHEV),38,MD
Maryland,TESLA,MODEL 3,2018,Battery Electric Vehicle (BEV),215,MD
Maryland,NISSAN,LEAF,2015,Battery Electric Vehicle (BEV),84,MD
Maryland,TESLA,MODEL 3,2019,Battery Electric Vehicle (BEV),220,MD
Maryland,CHEVROLET,VOLT,2015,Plug-in Hybrid Electric Vehicle (PHEV),38,MD
Maryland,TESLA,MODEL 3,2020,Battery Electric Vehicle (BEV),322,MD
Maryland,VOLVO,XC90 AWD,2018,Plug-in Hybrid Electric Vehicle (PHEV),19,MD
Maryland,TESLA,MODEL 3,2020,Battery Electric Vehicle (BEV),322,MD
Maryland,TESLA,MODEL 3,2019,Battery Electric Vehicle (BEV),220,MD
Maryland,HONDA,CLARITY,2018,Plug-in Hybrid Electric Vehicle (PHEV),47,MD
Maryland,NISSAN,LEAF,2019,Battery Electric Vehicle (BEV),150,MD
Maryland,NISSAN,LEAF,2015,Battery Electric Vehicle (BEV),84,MD
Maryland,CHEVROLET,VOLT,2019,Plug-in Hybrid Electric Vehicle (PHEV),53,MD
Maryland,TESLA,MODEL 3,2019,Battery Electric Vehicle (BEV),220,MD
Maryland,NISSAN,LEAF,2014,Battery Electric Vehicle (BEV),84,MD
Maryland,NISSAN,LEAF,2011,Battery Electric Vehicle (BEV),73,MD
Maryland,CHEVROLET,VOLT,2018,Plug-in Hybrid Electric Vehicle (PHEV),53,MD
Maryland,NISSAN,LEAF,2013,Battery Electric Vehicle (BEV),75,MD
Maryland,NISSAN,LEAF,2015,Battery Electric Vehicle (BEV),84,MD
Maryland,HONDA,CLARITY,2018,Plug-in Hybrid Electric Vehicle (PHEV),47,MD
Maryland,CHEVROLET,BOLT,2017,Battery Electric Vehicle (BEV),238,MD
Maryland,CHEVROLET,VOLT,2017,Plug-in Hybrid Electric Vehicle (PHEV),53,MD
Maryland,TESLA,MODEL S,2017,Battery Electric Vehicle (BEV),210,MD
Maryland,VOLKSWAGEN,E-GOLF,2016,Battery Electric Vehicle (BEV),83,MD
Maryland,TESLA,MODEL 3,2018,Battery Electric Vehicle (BEV),215,MD
Maryland,CHEVROLET,VOLT,2018,Plug-in Hybrid Electric Vehicle (PHEV),53,MD
Maryland,TESLA,MODEL S,2016,Battery Electric Vehicle (BEV),210,MD
Maryland,NISSAN,LEAF,2019,Battery Electric Vehicle (BEV),150,MD
Maryland,TESLA,MODEL 3,2018,Battery Electric Vehicle (BEV),215,MD
Maryland,NISSAN,LEAF,2017,Battery Electric Vehicle (BEV),107,MD
Maryland,NISSAN,LEAF,2013,Battery Electric Vehicle (BEV),75,MD
Maryland,NISSAN,LEAF,2020,Battery Electric Vehicle (BEV),215,MD
Maryland,NISSAN,LEAF,2013,Battery Electric Vehicle (BEV),75,MD
Maryland,TESLA,MODEL X,2018,Battery Electric Vehicle (BEV),238,MD
Maryland,TESLA,MODEL Y,2020,Battery Electric Vehicle (BEV),291,MD
Maryland,CHEVROLET,VOLT,2013,Plug-in Hybrid Electric Vehicle (PHEV),38,MD
Maryland,TESLA,MODEL 3,2020,Battery Electric Vehicle (BEV),322,MD
Maryland,TESLA,MODEL 3,2020,Battery Electric Vehicle (BEV),322,MD
Maryland,TESLA,MODEL 3,2018,Battery Electric Vehicle (BEV),215,MD
Maryland,FORD,FUSION ENERGI,2017,Plug-in Hybrid Electric Vehicle (PHEV),21,MD
Maryland,TESLA,MODEL 3,2019,Battery Electric Vehicle (BEV),220,MD
Maryland,SMART,SMART FORTWO ELECTRIC DRIVE COUPE,2017,Battery Electric Vehicle (BEV),58,MD
Maryland,NISSAN,LEAF,2016,Battery Electric Vehicle (BEV),84,MD
Maryland,TESLA,MODEL 3,2019,Battery Electric Vehicle (BEV),220,MD
Maryland,TOYOTA,PRIUS,2012,Plug-in Hybrid Electric Vehicle (PHEV),6,MD
Maryland,NISSAN,LEAF,2020,Battery Electric Vehicle (BEV),149,MD
Maryland,TESLA,MODEL Y,2020,Battery Electric Vehicle (BEV),291,MD
Maryland,TESLA,MODEL X,2020,Battery Electric Vehicle (BEV),289,MD
Maryland,NISSAN,LEAF,2017,Battery Electric Vehicle (BEV),107,MD
Maryland,KIA,SOUL,2017,Battery Electric Vehicle (BEV),93,MD
Maryland,NISSAN,LEAF,2013,Battery Electric Vehicle (BEV),75,MD
Maryland,NISSAN,LEAF,2012,Battery Electric Vehicle (BEV),73,MD
Maryland,TESLA,MODEL X,2020,Battery Electric Vehicle (BEV),293,MD
Maryland,CHEVROLET,VOLT,2014,Plug-in Hybrid Electric Vehicle (PHEV),38,MD
Maryland,TESLA,MODEL X,2017,Battery Electric Vehicle (BEV),200,MD
Maryland,HYUNDAI,SONATA PLUG-IN HYBRID,2016,Plug-in Hybrid Electric Vehicle (PHEV),27,MD
Maryland,BMW,I3,2017,Battery Electric Vehicle (BEV),81,MD
Maryland,CHEVROLET,BOLT,2018,Battery Electric Vehicle (BEV),238,MD
Maryland,TESLA,MODEL S,2015,Battery Electric Vehicle (BEV),208,MD
Maryland,CHEVROLET,BOLT,2019,Battery Electric Vehicle (BEV),238,MD
Maryland,CHEVROLET,VOLT,2018,Plug-in Hybrid Electric Vehicle (PHEV),53,MD
Maryland,BMW,I3,2015,Battery Electric Vehicle (BEV),81,MD
Maryland,FORD,C-MAX ENERGI,2015,Plug-in Hybrid Electric Vehicle (PHEV),19,MD
Maryland,CHEVROLET,VOLT,2016,Plug-in Hybrid Electric Vehicle (PHEV),53,MD
Maryland,TESLA,MODEL S,2016,Battery Electric Vehicle (BEV),210,MD
Maryland,KIA,SOUL,2017,Battery Electric Vehicle (BEV),93,MD
Maryland,TESLA,ROADSTER,2010,Battery Electric Vehicle (BEV),245,MD
Maryland,TESLA,MODEL 3,2018,Battery Electric Vehicle (BEV),215,MD
Maryland,NISSAN,LEAF,2013,Battery Electric Vehicle (BEV),75,MD
Maryland,TESLA,MODEL X,2018,Battery Electric Vehicle (BEV),238,MD
Maryland,NISSAN,LEAF,2018,Battery Electric Vehicle (BEV),151,MD
Maryland,TESLA,MODEL 3,2020,Battery Electric Vehicle (BEV),322,MD
Maryland,CHEVROLET,VOLT,2019,Plug-in Hybrid Electric Vehicle (PHEV),53,MD
Maryland,PORSCHE,CAYENNE,2016,Plug-in Hybrid Electric Vehicle (PHEV),14,MD
Maryland,NISSAN,LEAF,2015,Battery Electric Vehicle (BEV),84,MD
Maryland,NISSAN,LEAF,2015,Battery Electric Vehicle (BEV),84,MD
Maryland,HONDA,CLARITY,2019,Plug-in Hybrid Electric Vehicle (PHEV),47,MD
Maryland,TESLA,MODEL 3,2019,Battery Electric Vehicle (BEV),220,MD
Maryland,TESLA,MODEL 3,2020,Battery Electric Vehicle (BEV),308,MD
Maryland,TESLA,MODEL S,2014,Battery Electric Vehicle (BEV),208,MD
Maryland,CHRYSLER,PACIFICA,2018,Plug-in Hybrid Electric Vehicle (PHEV),33,MD
Maryland,KIA,SOUL,2016,Battery Electric Vehicle (BEV),93,MD
Maryland,CHEVROLET,BOLT,2019,Battery Electric Vehicle (BEV),238,MD
Maryland,TESLA,MODEL 3,2019,Battery Electric Vehicle (BEV),220,MD
Maryland,NISSAN,LEAF,2013,Battery Electric Vehicle (BEV),75,MD
Maryland,TOYOTA,PRIUS,2012,Plug-in Hybrid Electric Vehicle (PHEV),6,MD
Maryland,TESLA,MODEL 3,2019,Battery Electric Vehicle (BEV),220,MD
Maryland,CHEVROLET,VOLT,2018,Plug-in Hybrid Electric Vehicle (PHEV),53,MD
Maryland,TESLA,MODEL 3,2018,Battery Electric Vehicle (BEV),215,MD
Maryland,NISSAN,LEAF,2015,Battery Electric Vehicle (BEV),84,MD
Maryland,TESLA,MODEL S,2013,Battery Electric Vehicle (BEV),208,MD
Maryland,TOYOTA,PRIUS PRIME,2018,Plug-in Hybrid Electric Vehicle (PHEV),25,MD
Maryland,TESLA,MODEL X,2017,Battery Electric Vehicle (BEV),200,MD
Maryland,VOLVO,XC90 AWD PHEV,2019,Plug-in Hybrid Electric Vehicle (PHEV),17,MD
Maryland,TESLA,MODEL 3,2020,Battery Electric Vehicle (BEV),322,MD
Maryland,TESLA,MODEL 3,2018,Battery Electric Vehicle (BEV),215,MD
Maryland,NISSAN,LEAF,2013,Battery Electric Vehicle (BEV),75,MD
Maryland,NISSAN,LEAF,2017,Battery Electric Vehicle (BEV),107,MD
Maryland,TESLA,MODEL 3,2020,Battery Electric Vehicle (BEV),266,MD
Maryland,TESLA,MODEL 3,2020,Battery Electric Vehicle (BEV),322,MD
Maryland,TESLA,MODEL X,2016,Battery Electric Vehicle (BEV),200,MD
Maryland,BMW,I3,2014,Plug-in Hybrid Electric Vehicle (PHEV),72,MD
Maryland,TESLA,MODEL 3,2018,Battery Electric Vehicle (BEV),215,MD
Maryland,CHRYSLER,PACIFICA,2017,Plug-in Hybrid Electric Vehicle (PHEV),33,MD
Maryland,FORD,C-MAX ENERGI,2015,Plug-in Hybrid Electric Vehicle (PHEV),19,MD
Maryland,CHEVROLET,VOLT,2012,Plug-in Hybrid Electric Vehicle (PHEV),35,MD
Maryland,TESLA,MODEL Y,2020,Battery Electric Vehicle (BEV),291,MD
Maryland,NISSAN,LEAF,2016,Battery Electric Vehicle (BEV),84,MD
Maryland,NISSAN,LEAF,2019,Battery Electric Vehicle (BEV),150,MD
Maryland,HONDA,CLARITY,2020,Plug-in Hybrid Electric Vehicle (PHEV),47,MD
Maryland,NISSAN,LEAF,2018,Battery Electric Vehicle (BEV),151,MD
Maryland,TOYOTA,PRIUS,2014,Plug-in Hybrid Electric Vehicle (PHEV),6,MD
Maryland,TESLA,MODEL 3,2019,Battery Electric Vehicle (BEV),220,MD
Maryland,TESLA,MODEL 3,2020,Battery Electric Vehicle (BEV),322,MD
Maryland,CHEVROLET,BOLT,2017,Battery Electric Vehicle (BEV),238,MD
Maryland,TESLA,MODEL S,2015,Battery Electric Vehicle (BEV),208,MD
Maryland,CHEVROLET,BOLT,2017,Battery Electric Vehicle (BEV),238,MD
Maryland,MINI,COOPER,2021,Battery Electric Vehicle (BEV),110,MD
Maryland,FORD,RANGER,1999,Battery Electric Vehicle (BEV),74,MD
Maryland,CHEVROLET,BOLT,2017,Battery Electric Vehicle (BEV),238,MD
Maryland,MINI,COOPER SE COUNTRYMAN ALL4,2019,Plug-in Hybrid Electric Vehicle (PHEV),12,MD
Maryland,CHRYSLER,PACIFICA,2018,Plug-in Hybrid Electric Vehicle (PHEV),33,MD
Maryland,NISSAN,LEAF,2016,Battery Electric Vehicle (BEV),84,MD
Maryland,NISSAN,LEAF,2012,Battery Electric Vehicle (BEV),73,MD
Maryland,TOYOTA,PRIUS,2013,Plug-in Hybrid Electric Vehicle (PHEV),6,MD
Maryland,NISSAN,LEAF,2013,Battery Electric Vehicle (BEV),75,MD
Maryland,VOLKSWAGEN,E-GOLF,2019,Battery Electric Vehicle (BEV),125,MD
Maryland,NISSAN,LEAF,2013,Battery Electric Vehicle (BEV),75,MD
Maryland,KIA,NIRO PLUG-IN HYBRID,2019,Plug-in Hybrid Electric Vehicle (PHEV),26,MD
Maryland,TESLA,MODEL X,2018,Battery Electric Vehicle (BEV),238,MD
Maryland,NISSAN,LEAF,2015,Battery Electric Vehicle (BEV),84,MD
Maryland,TOYOTA,PRIUS PRIME,2017,Plug-in Hybrid Electric Vehicle (PHEV),25,MD
Maryland,BMW,I3S,2018,Battery Electric Vehicle (BEV),114,MD
Maryland,NISSAN,LEAF,2018,Battery Electric Vehicle (BEV),151,MD
Maryland,NISSAN,LEAF,2013,Battery Electric Vehicle (BEV),75,MD
Maryland,NISSAN,LEAF,2012,Battery Electric Vehicle (BEV),73,MD
Maryland,CHEVROLET,BOLT,2019,Battery Electric Vehicle (BEV),238,MD
Maryland,CHRYSLER,PACIFICA,2018,Plug-in Hybrid Electric Vehicle (PHEV),33,MD
Maryland,TESLA,MODEL S,2015,Battery Electric Vehicle (BEV),208,MD
Maryland,HONDA,CLARITY,2018,Plug-in Hybrid Electric Vehicle (PHEV),47,MD
Maryland,TESLA,MODEL Y,2020,Battery Electric Vehicle (BEV),291,MD
Maryland,FORD,FUSION ENERGI PLUG-IN HYBRID,2019,Plug-in Hybrid Electric Vehicle (PHEV),26,MD
Maryland,TESLA,MODEL 3,2020,Battery Electric Vehicle (BEV),322,MD
Maryland,TESLA,MODEL 3,2018,Battery Electric Vehicle (BEV),215,MD
Maryland,FORD,FUSION ENERGI PLUG-IN HYBRID,2019,Plug-in Hybrid Electric Vehicle (PHEV),26,MD
Maryland,NISSAN,LEAF,2013,Battery Electric Vehicle (BEV),75,MD
Maryland,TESLA,MODEL X,2018,Battery Electric Vehicle (BEV),238,MD
Maryland,FORD,FUSION ENERGI,2017,Plug-in Hybrid Electric Vehicle (PHEV),21,MD
Maryland,NISSAN,LEAF,2013,Battery Electric Vehicle (BEV),75,MD
Maryland,NISSAN,LEAF,2018,Battery Electric Vehicle (BEV),151,MD
Maryland,CHEVROLET,BOLT,2017,Battery Electric Vehicle (BEV),238,MD
Maryland,TESLA,MODEL X,2019,Battery Electric Vehicle (BEV),289,MD
Maryland,TESLA,MODEL 3,2019,Battery Electric Vehicle (BEV),220,MD
Maryland,BMW,I3,2014,Battery Electric Vehicle (BEV),81,MD
Maryland,CHEVROLET,BOLT,2018,Battery Electric Vehicle (BEV),238,MD
Maryland,TESLA,MODEL Y,2020,Battery Electric Vehicle (BEV),291,MD
Maryland,NISSAN,LEAF,2015,Battery Electric Vehicle (BEV),84,MD
Maryland,KIA,SOUL,2018,Battery Electric Vehicle (BEV),111,MD
Maryland,TESLA,MODEL S,2020,Battery Electric Vehicle (BEV),330,MD
Maryland,TESLA,MODEL 3,2018,Battery Electric Vehicle (BEV),215,MD
Maryland,CHEVROLET,BOLT,2017,Battery Electric Vehicle (BEV),238,MD
Maryland,KIA,NIRO PLUG-IN HYBRID,2019,Plug-in Hybrid Electric Vehicle (PHEV),26,MD
Maryland,TESLA,MODEL 3,2019,Battery Electric Vehicle (BEV),220,MD
Maryland,TESLA,MODEL 3,2020,Battery Electric Vehicle (BEV),322,MD
Maryland,CHEVROLET,VOLT,2013,Plug-in Hybrid Electric Vehicle (PHEV),38,MD
Maryland,CHEVROLET,VOLT,2017,Plug-in Hybrid Electric Vehicle (PHEV),53,MD
Maryland,BMW,X5 XDRIVE40E,2017,Plug-in Hybrid Electric Vehicle (PHEV),14,MD
Maryland,TESLA,MODEL S,2015,Battery Electric Vehicle (BEV),208,MD
Maryland,TESLA,MODEL 3,2020,Battery Electric Vehicle (BEV),266,MD
Maryland,KIA,SOUL,2015,Battery Electric Vehicle (BEV),93,MD
Maryland,TESLA,MODEL 3,2020,Battery Electric Vehicle (BEV),322,MD
Maryland,TESLA,MODEL S,2015,Battery Electric Vehicle (BEV),208,MD
Maryland,FORD,FUSION ENERGI,2014,Plug-in Hybrid Electric Vehicle (PHEV),19,MD
Maryland,BMW,I3,2015,Plug-in Hybrid Electric Vehicle (PHEV),72,MD
Maryland,AUDI,A3 E-TRON,2016,Plug-in Hybrid Electric Vehicle (PHEV),16,MD
Maryland,KIA,SOUL,2018,Battery Electric Vehicle (BEV),111,MD
Maryland,TESLA,MODEL S,2015,Battery Electric Vehicle (BEV),208,MD
Maryland,NISSAN,LEAF,2017,Battery Electric Vehicle (BEV),107,MD
Maryland,TESLA,MODEL Y,2020,Battery Electric Vehicle (BEV),291,MD
Maryland,NISSAN,LEAF,2013,Battery Electric Vehicle (BEV),75,MD
Maryland,NISSAN,LEAF,2013,Battery Electric Vehicle (BEV),75,MD
Maryland,NISSAN,LEAF,2019,Battery Electric Vehicle (BEV),150,MD
Maryland,TOYOTA,PRIUS PRIME,2018,Plug-in Hybrid Electric Vehicle (PHEV),25,MD
Maryland,TESLA,MODEL 3,2019,Battery Electric Vehicle (BEV),220,MD
Maryland,CHEVROLET,BOLT,2017,Battery Electric Vehicle (BEV),238,MD
Maryland,TESLA,MODEL Y,2020,Battery Electric Vehicle (BEV),291,MD
Maryland,TESLA,MODEL 3,2019,Battery Electric Vehicle (BEV),220,MD
Maryland,NISSAN,LEAF,2013,Battery Electric Vehicle (BEV),75,MD
Maryland,TESLA,MODEL S,2015,Battery Electric Vehicle (BEV),208,MD
Maryland,BMW,X5 XDRIVE40E,2016,Plug-in Hybrid Electric Vehicle (PHEV),14,MD
Maryland,NISSAN,LEAF,2015,Battery Electric Vehicle (BEV),84,MD
Maryland,FORD,C-MAX ENERGI,2013,Plug-in Hybrid Electric Vehicle (PHEV),19,MD
Maryland,FORD,C-MAX ENERGI,2016,Plug-in Hybrid Electric Vehicle (PHEV),19,MD
Maryland,NISSAN,LEAF,2013,Battery Electric Vehicle (BEV),75,MD
Maryland,NISSAN,LEAF,2016,Battery Electric Vehicle (BEV),84,MD
Maryland,TESLA,MODEL 3,2020,Battery Electric Vehicle (BEV),322,MD
Maryland,TESLA,MODEL 3,2020,Battery Electric Vehicle (BEV),322,MD
Maryland,TESLA,MODEL S,2018,Battery Electric Vehicle (BEV),249,MD
Maryland,CHEVROLET,VOLT,2017,Plug-in Hybrid Electric Vehicle (PHEV),53,MD
Maryland,NISSAN,LEAF,2016,Battery Electric Vehicle (BEV),84,MD
Maryland,TESLA,MODEL 3,2020,Battery Electric Vehicle (BEV),266,MD
Maryland,NISSAN,LEAF,2019,Battery Electric Vehicle (BEV),150,MD
Maryland,TESLA,MODEL X,2018,Battery Electric Vehicle (BEV),238,MD
Maryland,TESLA,MODEL X,2018,Battery Electric Vehicle (BEV),238,MD
Maryland,TOYOTA,RAV4 EV 2WD,2012,Battery Electric Vehicle (BEV),103,MD
Maryland,NISSAN,LEAF,2013,Battery Electric Vehicle (BEV),75,MD
Maryland,VOLKSWAGEN,E-GOLF,2016,Battery Electric Vehicle (BEV),83,MD
Maryland,CHEVROLET,VOLT,2017,Plug-in Hybrid Electric Vehicle (PHEV),53,MD
Maryland,TESLA,MODEL 3,2018,Battery Electric Vehicle (BEV),215,MD
Maryland,BMW,I3,2017,Battery Electric Vehicle (BEV),81,MD
Maryland,FORD,FUSION ENERGI,2017,Plug-in Hybrid Electric Vehicle (PHEV),21,MD
Maryland,FORD,C-MAX ENERGI,2013,Plug-in Hybrid Electric Vehicle (PHEV),19,MD
Maryland,NISSAN,LEAF,2012,Battery Electric Vehicle (BEV),73,MD
Maryland,NISSAN,LEAF,2015,Battery Electric Vehicle (BEV),84,MD
Maryland,TESLA,MODEL X,2017,Battery Electric Vehicle (BEV),200,MD
Maryland,CHEVROLET,VOLT,2014,Plug-in Hybrid Electric Vehicle (PHEV),38,MD
Maryland,NISSAN,LEAF,2013,Battery Electric Vehicle (BEV),75,MD
Maryland,NISSAN,LEAF,2015,Battery Electric Vehicle (BEV),84,MD
Maryland,FIAT,500E,2015,Battery Electric Vehicle (BEV),87,MD
Maryland,TESLA,MODEL 3,2018,Battery Electric Vehicle (BEV),215,MD
Maryland,TESLA,MODEL S,2016,Battery Electric Vehicle (BEV),210,MD
Maryland,TESLA,MODEL S,2015,Battery Electric Vehicle (BEV),208,MD
Maryland,TESLA,MODEL 3,2017,Battery Electric Vehicle (BEV),220,MD
Maryland,BMW,I3,2018,Battery Electric Vehicle (BEV),114,MD
Maryland,FIAT,500E,2015,Battery Electric Vehicle (BEV),87,MD
Maryland,TESLA,MODEL 3,2018,Battery Electric Vehicle (BEV),215,MD
Maryland,KIA,SOUL,2017,Battery Electric Vehicle (BEV),93,MD
Maryland,TESLA,MODEL S,2017,Battery Electric Vehicle (BEV),210,MD
Maryland,TESLA,MODEL 3,2018,Battery Electric Vehicle (BEV),215,MD
Maryland,TESLA,MODEL Y,2020,Battery Electric Vehicle (BEV),291,MD
Maryland,TESLA,MODEL 3,2019,Battery Electric Vehicle (BEV),220,MD
Maryland,PORSCHE,CAYENNE,2018,Plug-in Hybrid Electric Vehicle (PHEV),14,MD
Maryland,TESLA,MODEL 3,2020,Battery Electric Vehicle (BEV),322,MD
Maryland,FORD,FUSION ENERGI PLUG-IN HYBRID,2019,Plug-in Hybrid Electric Vehicle (PHEV),26,MD
Maryland,NISSAN,LEAF,2013,Battery Electric Vehicle (BEV),75,MD
Maryland,NISSAN,LEAF,2013,Battery Electric Vehicle (BEV),75,MD
Maryland,TESLA,MODEL 3,2018,Battery Electric Vehicle (BEV),215,MD
Maryland,TESLA,MODEL 3,2018,Battery Electric Vehicle (BEV),215,MD
Maryland,TESLA,MODEL X,2018,Battery Electric Vehicle (BEV),238,MD
Maryland,TESLA,MODEL 3,2018,Battery Electric Vehicle (BEV),215,MD
Maryland,CHRYSLER,PACIFICA,2017,Plug-in Hybrid Electric Vehicle (PHEV),33,MD
Maryland,MINI,COOPER SE COUNTRYMAN ALL4,2018,Plug-in Hybrid Electric Vehicle (PHEV),12,MD
Maryland,NISSAN,LEAF,2011,Battery Electric Vehicle (BEV),73,MD
Maryland,TESLA,MODEL S,2018,Battery Electric Vehicle (BEV),249,MD
Maryland,VOLKSWAGEN,E-GOLF,2019,Battery Electric Vehicle (BEV),125,MD
Maryland,TESLA,MODEL X,2018,Battery Electric Vehicle (BEV),238,MD
Maryland,CHEVROLET,VOLT,2018,Plug-in Hybrid Electric Vehicle (PHEV),53,MD
Maryland,TESLA,MODEL S,2017,Battery Electric Vehicle (BEV),210,MD
Maryland,NISSAN,LEAF,2015,Battery Electric Vehicle (BEV),84,MD
Maryland,FIAT,500E,2017,Battery Electric Vehicle (BEV),84,MD
Maryland,TESLA,MODEL 3,2019,Battery Electric Vehicle (BEV),220,MD
Maryland,MITSUBISHI,OUTLANDER,2018,Plug-in Hybrid Electric Vehicle (PHEV),22,MD
Maryland,TESLA,MODEL 3,2020,Battery Electric Vehicle (BEV),322,MD
Maryland,TESLA,MODEL 3,2018,Battery Electric Vehicle (BEV),215,MD
Maryland,NISSAN,LEAF,2019,Battery Electric Vehicle (BEV),150,MD
Maryland,HYUNDAI,SONATA PLUG-IN HYBRID,2016,Plug-in Hybrid Electric Vehicle (PHEV),27,MD
Maryland,NISSAN,LEAF,2015,Battery Electric Vehicle (BEV),84,MD
Maryland,NISSAN,LEAF,2016,Battery Electric Vehicle (BEV),84,MD
Maryland,NISSAN,LEAF,2011,Battery Electric Vehicle (BEV),73,MD
Maryland,MINI,COOPER SE COUNTRYMAN ALL4,2019,Plug-in Hybrid Electric Vehicle (PHEV),12,MD
Maryland,BMW,I3,2017,Plug-in Hybrid Electric Vehicle (PHEV),97,MD
Maryland,NISSAN,LEAF,2015,Battery Electric Vehicle (BEV),84,MD
Maryland,TESLA,MODEL 3,2020,Battery Electric Vehicle (BEV),266,MD
Maryland,BMW,X5 XDRIVE40E,2016,Plug-in Hybrid Electric Vehicle (PHEV),14,MD
Maryland,BMW,I8 ROADSTER,2019,Plug-in Hybrid Electric Vehicle (PHEV),17,MD
Maryland,CHEVROLET,VOLT,2017,Plug-in Hybrid Electric Vehicle (PHEV),53,MD
Maryland,TESLA,MODEL 3,2019,Battery Electric Vehicle (BEV),220,MD
Maryland,NISSAN,LEAF,2013,Battery Electric Vehicle (BEV),75,MD
Maryland,TESLA,MODEL 3,2019,Battery Electric Vehicle (BEV),220,MD
Maryland,TOYOTA,PRIUS PRIME,2018,Plug-in Hybrid Electric Vehicle (PHEV),25,MD
Maryland,TESLA,MODEL S,2014,Battery Electric Vehicle (BEV),208,MD
Maryland,TESLA,MODEL X,2020,Battery Electric Vehicle (BEV),293,MD
Maryland,TESLA,MODEL 3,2019,Battery Electric Vehicle (BEV),220,MD
Maryland,NISSAN,LEAF,2016,Battery Electric Vehicle (BEV),84,MD
Maryland,VOLKSWAGEN,E-GOLF,2019,Battery Electric Vehicle (BEV),125,MD
Maryland,NISSAN,LEAF,2019,Battery Electric Vehicle (BEV),150,MD
Maryland,FORD,FUSION ENERGI,2015,Plug-in Hybrid Electric Vehicle (PHEV),19,MD
Maryland,KIA,NIRO PLUG-IN HYBRID,2019,Plug-in Hybrid Electric Vehicle (PHEV),26,MD
Maryland,TESLA,MODEL 3,2018,Battery Electric Vehicle (BEV),215,MD
Maryland,MITSUBISHI,OUTLANDER,2018,Plug-in Hybrid Electric Vehicle (PHEV),22,MD
Maryland,NISSAN,LEAF,2016,Battery Electric Vehicle (BEV),84,MD
Maryland,CHEVROLET,VOLT,2016,Plug-in Hybrid Electric Vehicle (PHEV),53,MD
Maryland,FORD,C-MAX ENERGI,2014,Plug-in Hybrid Electric Vehicle (PHEV),19,MD
Maryland,NISSAN,LEAF,2013,Battery Electric Vehicle (BEV),75,MD
Maryland,TESLA,MODEL 3,2019,Battery Electric Vehicle (BEV),220,MD
Maryland,TESLA,MODEL X,2016,Battery Electric Vehicle (BEV),200,MD
Maryland,VOLKSWAGEN,E-GOLF,2019,Battery Electric Vehicle (BEV),125,MD
Maryland,NISSAN,LEAF,2019,Battery Electric Vehicle (BEV),150,MD
Maryland,CHEVROLET,VOLT,2017,Plug-in Hybrid Electric Vehicle (PHEV),53,MD
Maryland,TESLA,MODEL 3,2020,Battery Electric Vehicle (BEV),266,MD
Maryland,AUDI,A3 E-TRON,2016,Plug-in Hybrid Electric Vehicle (PHEV),16,MD
Maryland,NISSAN,LEAF,2016,Battery Electric Vehicle (BEV),84,MD
Maryland,TESLA,MODEL 3,2018,Battery Electric Vehicle (BEV),215,MD
Maryland,BMW,I3,2017,Plug-in Hybrid Electric Vehicle (PHEV),97,MD
Maryland,TESLA,MODEL X,2020,Battery Electric Vehicle (BEV),289,MD
Maryland,KIA,NIRO PLUG-IN HYBRID,2019,Plug-in Hybrid Electric Vehicle (PHEV),26,MD
Maryland,TESLA,MODEL 3,2018,Battery Electric Vehicle (BEV),215,MD
Maryland,VOLVO,XC60 AWD PHEV,2019,Plug-in Hybrid Electric Vehicle (PHEV),17,MD
Maryland,NISSAN,LEAF,2015,Battery Electric Vehicle (BEV),84,MD
Maryland,TOYOTA,PRIUS,2013,Plug-in Hybrid Electric Vehicle (PHEV),6,MD
Maryland,NISSAN,LEAF,2013,Battery Electric Vehicle (BEV),75,MD
Maryland,NISSAN,LEAF,2014,Battery Electric Vehicle (BEV),84,MD
Maryland,CHEVROLET,BOLT,2019,Battery Electric Vehicle (BEV),238,MD
Maryland,NISSAN,LEAF,2015,Battery Electric Vehicle (BEV),84,MD
Maryland,AUDI,A3 E-TRON,2016,Plug-in Hybrid Electric Vehicle (PHEV),16,MD
Maryland,KIA,NIRO PLUG-IN HYBRID,2019,Plug-in Hybrid Electric Vehicle (PHEV),26,MD
Maryland,NISSAN,LEAF,2019,Battery Electric Vehicle (BEV),150,MD
Maryland,NISSAN,LEAF,2017,Battery Electric Vehicle (BEV),107,MD
Maryland,TESLA,MODEL 3,2018,Battery Electric Vehicle (BEV),215,MD
Maryland,PORSCHE,PANAMERA,2015,Plug-in Hybrid Electric Vehicle (PHEV),15,MD
Maryland,NISSAN,LEAF,2017,Battery Electric Vehicle (BEV),107,MD
Maryland,CHEVROLET,VOLT,2015,Plug-in Hybrid Electric Vehicle (PHEV),38,MD
Maryland,HYUNDAI,SONATA PLUG-IN HYBRID,2016,Plug-in Hybrid Electric Vehicle (PHEV),27,MD
Maryland,TESLA,MODEL 3,2020,Battery Electric Vehicle (BEV),266,MD
Maryland,TESLA,MODEL 3,2018,Battery Electric Vehicle (BEV),215,MD
Maryland,TESLA,MODEL S,2017,Battery Electric Vehicle (BEV),210,MD
Maryland,HONDA,CLARITY,2020,Plug-in Hybrid Electric Vehicle (PHEV),47,MD
Maryland,TESLA,MODEL S,2018,Battery Electric Vehicle (BEV),249,MD
Maryland,KIA,NIRO PLUG-IN HYBRID,2019,Plug-in Hybrid Electric Vehicle (PHEV),26,MD
Maryland,TESLA,MODEL Y,2020,Battery Electric Vehicle (BEV),291,MD
Maryland,NISSAN,LEAF,2019,Battery Electric Vehicle (BEV),150,MD
Maryland,VOLVO,XC60 AWD PHEV,2019,Plug-in Hybrid Electric Vehicle (PHEV),17,MD
Maryland,NISSAN,LEAF,2015,Battery Electric Vehicle (BEV),84,MD
Maryland,NISSAN,LEAF,2015,Battery Electric Vehicle (BEV),84,MD
Maryland,NISSAN,LEAF,2013,Battery Electric Vehicle (BEV),75,MD
Maryland,TESLA,MODEL Y,2020,Battery Electric Vehicle (BEV),291,MD
Maryland,NISSAN,LEAF,2013,Battery Electric Vehicle (BEV),75,MD
Maryland,TOYOTA,PRIUS,2012,Plug-in Hybrid Electric Vehicle (PHEV),6,MD
Maryland,NISSAN,LEAF,2012,Battery Electric Vehicle (BEV),73,MD
Maryland,SMART,SMART FORTWO ELECTRIC DRIVE COUPE,2014,Battery Electric Vehicle (BEV),58,MD
Maryland,TESLA,MODEL 3,2018,Battery Electric Vehicle (BEV),215,MD
Maryland,TESLA,MODEL S,2015,Battery Electric Vehicle (BEV),208,MD
Maryland,CHEVROLET,VOLT,2017,Plug-in Hybrid Electric Vehicle (PHEV),53,MD
Maryland,NISSAN,LEAF,2019,Battery Electric Vehicle (BEV),150,MD
Maryland,TESLA,MODEL X,2017,Battery Electric Vehicle (BEV),200,MD
Maryland,CHEVROLET,VOLT,2012,Plug-in Hybrid Electric Vehicle (PHEV),35,MD
Maryland,TESLA,MODEL X,2018,Battery Electric Vehicle (BEV),238,MD
Maryland,TESLA,MODEL 3,2018,Battery Electric Vehicle (BEV),215,MD
Maryland,TESLA,MODEL 3,2019,Battery Electric Vehicle (BEV),220,MD
Maryland,TESLA,MODEL 3,2020,Battery Electric Vehicle (BEV),266,MD
Maryland,TESLA,MODEL S,2015,Battery Electric Vehicle (BEV),208,MD
Maryland,CHEVROLET,VOLT,2017,Plug-in Hybrid Electric Vehicle (PHEV),53,MD
Maryland,VOLVO,XC90 AWD,2018,Plug-in Hybrid Electric Vehicle (PHEV),19,MD
Maryland,TESLA,MODEL S,2016,Battery Electric Vehicle (BEV),210,MD
Maryland,TESLA,MODEL 3,2018,Battery Electric Vehicle (BEV),215,MD
Maryland,FIAT,500E,2014,Battery Electric Vehicle (BEV),87,MD
Maryland,KIA,SOUL,2016,Battery Electric Vehicle (BEV),93,MD
Maryland,BMW,I3,2017,Battery Electric Vehicle (BEV),81,MD
Maryland,NISSAN,LEAF,2015,Battery Electric Vehicle (BEV),84,MD
Maryland,NISSAN,LEAF,2016,Battery Electric Vehicle (BEV),84,MD
Maryland,CHEVROLET,VOLT,2014,Plug-in Hybrid Electric Vehicle (PHEV),38,MD
Maryland,FORD,FOCUS,2017,Battery Electric Vehicle (BEV),100,MD
Maryland,TESLA,MODEL Y,2020,Battery Electric Vehicle (BEV),291,MD
Maryland,NISSAN,LEAF,2017,Battery Electric Vehicle (BEV),107,MD
Maryland,CHEVROLET,BOLT,2018,Battery Electric Vehicle (BEV),238,MD
Maryland,NISSAN,LEAF,2015,Battery Electric Vehicle (BEV),84,MD
Maryland,TESLA,MODEL S,2018,Battery Electric Vehicle (BEV),249,MD
Maryland,TESLA,MODEL 3,2019,Battery Electric Vehicle (BEV),220,MD
Maryland,TESLA,MODEL X,2019,Battery Electric Vehicle (BEV),289,MD
Maryland,TESLA,MODEL S,2019,Battery Electric Vehicle (BEV),270,MD
Maryland,CHEVROLET,VOLT,2014,Plug-in Hybrid Electric Vehicle (PHEV),38,MD
Maryland,NISSAN,LEAF,2019,Battery Electric Vehicle (BEV),150,MD
Maryland,TESLA,MODEL 3,2018,Battery Electric Vehicle (BEV),215,MD
Maryland,NISSAN,LEAF,2015,Battery Electric Vehicle (BEV),84,MD
Maryland,TOYOTA,PRIUS,2013,Plug-in Hybrid Electric Vehicle (PHEV),6,MD
Maryland,TESLA,MODEL X,2017,Battery Electric Vehicle (BEV),200,MD
Maryland,TESLA,MODEL S,2018,Battery Electric Vehicle (BEV),249,MD
Maryland,VOLKSWAGEN,E-GOLF,2015,Battery Electric Vehicle (BEV),83,MD
Maryland,NISSAN,LEAF,2016,Battery Electric Vehicle (BEV),84,MD
Maryland,TESLA,MODEL 3,2018,Battery Electric Vehicle (BEV),215,MD
Maryland,TESLA,MODEL Y,2020,Battery Electric Vehicle (BEV),291,MD
Maryland,CHEVROLET,VOLT,2017,Plug-in Hybrid Electric Vehicle (PHEV),53,MD
Maryland,NISSAN,LEAF,2011,Battery Electric Vehicle (BEV),73,MD
Maryland,CHEVROLET,VOLT,2013,Plug-in Hybrid Electric Vehicle (PHEV),38,MD
Maryland,BMW,I3,2017,Plug-in Hybrid Electric Vehicle (PHEV),97,MD
Maryland,PORSCHE,CAYENNE,2016,Plug-in Hybrid Electric Vehicle (PHEV),14,MD
Maryland,CHEVROLET,VOLT,2017,Plug-in Hybrid Electric Vehicle (PHEV),53,MD
Maryland,TESLA,MODEL 3,2020,Battery Electric Vehicle (BEV),322,MD
Maryland,TESLA,MODEL 3,2019,Battery Electric Vehicle (BEV),220,MD
Maryland,TESLA,MODEL 3,2019,Battery Electric Vehicle (BEV),220,MD
Maryland,TESLA,MODEL S,2018,Battery Electric Vehicle (BEV),249,MD
Maryland,NISSAN,LEAF,2016,Battery Electric Vehicle (BEV),84,MD
Maryland,KIA,SOUL,2016,Battery Electric Vehicle (BEV),93,MD
Maryland,TESLA,MODEL S,2018,Battery Electric Vehicle (BEV),249,MD
Maryland,FORD,C-MAX ENERGI,2016,Plug-in Hybrid Electric Vehicle (PHEV),19,MD
Maryland,NISSAN,LEAF,2015,Battery Electric Vehicle (BEV),84,MD
Maryland,NISSAN,LEAF,2012,Battery Electric Vehicle (BEV),73,MD
Maryland,VOLKSWAGEN,E-GOLF,2019,Battery Electric Vehicle (BEV),125,MD
Maryland,TESLA,MODEL S,2016,Battery Electric Vehicle (BEV),210,MD
Maryland,TESLA,MODEL 3,2020,Battery Electric Vehicle (BEV),322,MD
Maryland,NISSAN,LEAF,2017,Battery Electric Vehicle (BEV),107,MD
Maryland,NISSAN,LEAF,2011,Battery Electric Vehicle (BEV),73,MD
Maryland,TOYOTA,PRIUS,2012,Plug-in Hybrid Electric Vehicle (PHEV),6,MD
Maryland,KIA,SOUL,2016,Battery Electric Vehicle (BEV),93,MD
Maryland,CHEVROLET,VOLT,2017,Plug-in Hybrid Electric Vehicle (PHEV),53,MD
Maryland,NISSAN,LEAF,2020,Battery Electric Vehicle (BEV),215,MD
Maryland,NISSAN,LEAF,2017,Battery Electric Vehicle (BEV),107,MD
Maryland,BMW,I3,2017,Plug-in Hybrid Electric Vehicle (PHEV),97,MD
Maryland,NISSAN,LEAF,2018,Battery Electric Vehicle (BEV),151,MD
Maryland,TESLA,MODEL Y,2020,Battery Electric Vehicle (BEV),291,MD
Maryland,FORD,FUSION ENERGI,2016,Plug-in Hybrid Electric Vehicle (PHEV),19,MD
Maryland,TESLA,MODEL 3,2018,Battery Electric Vehicle (BEV),215,MD
Maryland,PORSCHE,CAYENNE,2017,Plug-in Hybrid Electric Vehicle (PHEV),14,MD
Maryland,NISSAN,LEAF,2016,Battery Electric Vehicle (BEV),84,MD
Maryland,TESLA,MODEL 3,2020,Battery Electric Vehicle (BEV),322,MD
Maryland,TESLA,MODEL 3,2019,Battery Electric Vehicle (BEV),220,MD
Maryland,TESLA,MODEL 3,2020,Battery Electric Vehicle (BEV),266,MD
Maryland,CHEVROLET,BOLT,2019,Battery Electric Vehicle (BEV),238,MD
Maryland,VOLVO,XC60 AWD,2018,Plug-in Hybrid Electric Vehicle (PHEV),17,MD
Maryland,FORD,FUSION ENERGI,2014,Plug-in Hybrid Electric Vehicle (PHEV),19,MD
Maryland,TESLA,MODEL X,2016,Battery Electric Vehicle (BEV),200,MD
Maryland,CHRYSLER,PACIFICA,2018,Plug-in Hybrid Electric Vehicle (PHEV),33,MD
Maryland,TESLA,MODEL 3,2018,Battery Electric Vehicle (BEV),215,MD
Maryland,TESLA,MODEL 3,2018,Battery Electric Vehicle (BEV),215,MD
Maryland,TESLA,MODEL 3,2018,Battery Electric Vehicle (BEV),215,MD
Maryland,NISSAN,LEAF,2013,Battery Electric Vehicle (BEV),75,MD
Maryland,CHRYSLER,PACIFICA,2018,Plug-in Hybrid Electric Vehicle (PHEV),33,MD
Maryland,NISSAN,LEAF,2014,Battery Electric Vehicle (BEV),84,MD
Maryland,TESLA,ROADSTER,2011,Battery Electric Vehicle (BEV),245,MD
Maryland,TESLA,MODEL S,2020,Battery Electric Vehicle (BEV),337,MD
Maryland,CHEVROLET,VOLT,2013,Plug-in Hybrid Electric Vehicle (PHEV),38,MD
Maryland,TESLA,MODEL S,2013,Battery Electric Vehicle (BEV),208,MD
Maryland,TESLA,MODEL 3,2019,Battery Electric Vehicle (BEV),220,MD
Maryland,MITSUBISHI,OUTLANDER,2018,Plug-in Hybrid Electric Vehicle (PHEV),22,MD
Maryland,NISSAN,LEAF,2013,Battery Electric Vehicle (BEV),75,MD
Maryland,NISSAN,LEAF,2012,Battery Electric Vehicle (BEV),73,MD
Maryland,TESLA,MODEL S,2019,Battery Electric Vehicle (BEV),270,MD
Maryland,TESLA,MODEL 3,2019,Battery Electric Vehicle (BEV),220,MD
Maryland,NISSAN,LEAF,2015,Battery Electric Vehicle (BEV),84,MD
Maryland,TESLA,MODEL 3,2018,Battery Electric Vehicle (BEV),215,MD
Maryland,MITSUBISHI,OUTLANDER PHEV,2019,Plug-in Hybrid Electric Vehicle (PHEV),22,MD
Maryland,CHEVROLET,BOLT,2018,Battery Electric Vehicle (BEV),238,MD
Maryland,TESLA,MODEL 3,2019,Battery Electric Vehicle (BEV),220,MD
Maryland,CHEVROLET,BOLT,2017,Battery Electric Vehicle (BEV),238,MD
Maryland,TOYOTA,PRIUS,2012,Plug-in Hybrid Electric Vehicle (PHEV),6,MD
Maryland,NISSAN,LEAF,2019,Battery Electric Vehicle (BEV),150,MD
Maryland,FORD,C-MAX ENERGI,2013,Plug-in Hybrid Electric Vehicle (PHEV),19,MD
Maryland,TOYOTA,PRIUS,2012,Plug-in Hybrid Electric Vehicle (PHEV),6,MD
Maryland,TESLA,MODEL 3,2018,Battery Electric Vehicle (BEV),215,MD
Maryland,NISSAN,LEAF,2013,Battery Electric Vehicle (BEV),75,MD
Maryland,BMW,I3,2015,Plug-in Hybrid Electric Vehicle (PHEV),72,MD
Maryland,TESLA,MODEL 3,2018,Battery Electric Vehicle (BEV),215,MD
Maryland,TESLA,MODEL S,2018,Battery Electric Vehicle (BEV),249,MD
Maryland,AUDI,A3 E-TRON,2018,Plug-in Hybrid Electric Vehicle (PHEV),16,MD
Maryland,TESLA,MODEL 3,2019,Battery Electric Vehicle (BEV),220,MD
Maryland,TESLA,MODEL X,2018,Battery Electric Vehicle (BEV),238,MD
Maryland,NISSAN,LEAF,2011,Battery Electric Vehicle (BEV),73,MD
Maryland,TESLA,MODEL 3,2020,Battery Electric Vehicle (BEV),266,MD
Maryland,NISSAN,LEAF,2013,Battery Electric Vehicle (BEV),75,MD
Maryland,TESLA,MODEL 3,2020,Battery Electric Vehicle (BEV),322,MD
Maryland,PORSCHE,CAYENNE,2017,Plug-in Hybrid Electric Vehicle (PHEV),14,MD
Maryland,TESLA,MODEL 3,2020,Battery Electric Vehicle (BEV),266,MD
Maryland,TESLA,MODEL 3,2018,Battery Electric Vehicle (BEV),215,MD
Maryland,FORD,C-MAX ENERGI,2016,Plug-in Hybrid Electric Vehicle (PHEV),19,MD
Maryland,NISSAN,LEAF,2013,Battery Electric Vehicle (BEV),75,MD
Maryland,TESLA,MODEL S,2020,Battery Electric Vehicle (BEV),337,MD
Maryland,CHEVROLET,VOLT,2012,Plug-in Hybrid Electric Vehicle (PHEV),35,MD
Maryland,NISSAN,LEAF,2012,Battery Electric Vehicle (BEV),73,MD
Maryland,TESLA,MODEL 3,2019,Battery Electric Vehicle (BEV),220,MD
Maryland,TESLA,MODEL S,2018,Battery Electric Vehicle (BEV),249,MD
Maryland,TESLA,MODEL S,2019,Battery Electric Vehicle (BEV),270,MD
Maryland,TESLA,MODEL Y,2020,Battery Electric Vehicle (BEV),291,MD
Maryland,NISSAN,LEAF,2013,Battery Electric Vehicle (BEV),75,MD
Maryland,CHEVROLET,BOLT,2017,Battery Electric Vehicle (BEV),238,MD
Maryland,CHRYSLER,PACIFICA,2018,Plug-in Hybrid Electric Vehicle (PHEV),33,MD
Maryland,TESLA,MODEL X,2018,Battery Electric Vehicle (BEV),238,MD
Maryland,CHRYSLER,PACIFICA HYBRID,2019,Plug-in Hybrid Electric Vehicle (PHEV),32,MD
Maryland,NISSAN,LEAF,2013,Battery Electric Vehicle (BEV),75,MD
Maryland,AUDI,A3 E-TRON,2018,Plug-in Hybrid Electric Vehicle (PHEV),16,MD
Maryland,NISSAN,LEAF,2014,Battery Electric Vehicle (BEV),84,MD
Maryland,TESLA,MODEL 3,2019,Battery Electric Vehicle (BEV),220,MD
Maryland,TESLA,MODEL 3,2019,Battery Electric Vehicle (BEV),220,MD
Maryland,TESLA,MODEL X,2018,Battery Electric Vehicle (BEV),238,MD
Maryland,FORD,C-MAX ENERGI,2013,Plug-in Hybrid Electric Vehicle (PHEV),19,MD
Maryland,TESLA,MODEL S,2012,Battery Electric Vehicle (BEV),265,MD
Maryland,SMART,SMART FORTWO ELECTRIC DRIVE CABRIOLET,2014,Battery Electric Vehicle (BEV),68,MD
Maryland,CHEVROLET,VOLT,2013,Plug-in Hybrid Electric Vehicle (PHEV),38,MD
Maryland,BMW,I3 WITH RANGE EXTENDER,2018,Plug-in Hybrid Electric Vehicle (PHEV),97,MD
Maryland,TESLA,MODEL 3,2019,Battery Electric Vehicle (BEV),220,MD
Maryland,TESLA,MODEL S,2014,Battery Electric Vehicle (BEV),208,MD
Maryland,TESLA,MODEL 3,2018,Battery Electric Vehicle (BEV),215,MD
Maryland,TESLA,MODEL S,2017,Battery Electric Vehicle (BEV),210,MD
Maryland,TESLA,MODEL 3,2019,Battery Electric Vehicle (BEV),220,MD
Maryland,PORSCHE,CAYENNE,2019,Plug-in Hybrid Electric Vehicle (PHEV),13,MD
Maryland,TESLA,MODEL 3,2018,Battery Electric Vehicle (BEV),215,MD
Maryland,NISSAN,LEAF,2013,Battery Electric Vehicle (BEV),75,MD
Maryland,NISSAN,LEAF,2017,Battery Electric Vehicle (BEV),107,MD
Maryland,TESLA,MODEL 3,2019,Battery Electric Vehicle (BEV),220,MD
Maryland,NISSAN,LEAF,2019,Battery Electric Vehicle (BEV),150,MD
Maryland,KIA,SOUL,2016,Battery Electric Vehicle (BEV),93,MD
Maryland,TESLA,MODEL 3,2019,Battery Electric Vehicle (BEV),220,MD
Maryland,TESLA,MODEL 3,2018,Battery Electric Vehicle (BEV),215,MD
Maryland,AUDI,A3 E-TRON,2017,Plug-in Hybrid Electric Vehicle (PHEV),16,MD
Maryland,TOYOTA,PRIUS,2013,Plug-in Hybrid Electric Vehicle (PHEV),6,MD
Maryland,NISSAN,LEAF,2013,Battery Electric Vehicle (BEV),75,MD
Maryland,TESLA,MODEL X,2017,Battery Electric Vehicle (BEV),200,MD
Maryland,CHEVROLET,BOLT,2019,Battery Electric Vehicle (BEV),238,MD
Maryland,BMW,I8 ROADSTER,2019,Plug-in Hybrid Electric Vehicle (PHEV),17,MD
Maryland,KIA,NIRO PLUG-IN HYBRID,2019,Plug-in Hybrid Electric Vehicle (PHEV),26,MD
Maryland,TESLA,MODEL 3,2020,Battery Electric Vehicle (BEV),322,MD
Maryland,KIA,SOUL,2016,Battery Electric Vehicle (BEV),93,MD
Maryland,TESLA,MODEL S,2017,Battery Electric Vehicle (BEV),210,MD
Maryland,CHEVROLET,BOLT,2017,Battery Electric Vehicle (BEV),238,MD
Maryland,TESLA,MODEL 3,2019,Battery Electric Vehicle (BEV),220,MD
Maryland,TESLA,MODEL 3,2018,Battery Electric Vehicle (BEV),215,MD
Maryland,FORD,C-MAX ENERGI,2013,Plug-in Hybrid Electric Vehicle (PHEV),19,MD
Maryland,CHEVROLET,VOLT,2017,Plug-in Hybrid Electric Vehicle (PHEV),53,MD
Maryland,KIA,SOUL,2018,Battery Electric Vehicle (BEV),111,MD
Maryland,NISSAN,LEAF,2011,Battery Electric Vehicle (BEV),73,MD
Maryland,FORD,C-MAX ENERGI,2014,Plug-in Hybrid Electric Vehicle (PHEV),19,MD
Maryland,TESLA,MODEL 3,2018,Battery Electric Vehicle (BEV),215,MD
Maryland,NISSAN,LEAF,2017,Battery Electric Vehicle (BEV),107,MD
Maryland,FORD,C-MAX ENERGI,2015,Plug-in Hybrid Electric Vehicle (PHEV),19,MD
Maryland,HYUNDAI,SONATA PLUG-IN HYBRID,2016,Plug-in Hybrid Electric Vehicle (PHEV),27,MD
Maryland,NISSAN,LEAF,2016,Battery Electric Vehicle (BEV),84,MD
Maryland,TESLA,MODEL 3,2019,Battery Electric Vehicle (BEV),220,MD
Maryland,NISSAN,LEAF,2015,Battery Electric Vehicle (BEV),84,MD
Maryland,MINI,COOPER SE COUNTRYMAN ALL4,2018,Plug-in Hybrid Electric Vehicle (PHEV),12,MD
Maryland,VOLVO,XC90 AWD,2018,Plug-in Hybrid Electric Vehicle (PHEV),19,MD
Maryland,CHEVROLET,VOLT,2014,Plug-in Hybrid Electric Vehicle (PHEV),38,MD
Maryland,TESLA,MODEL 3,2020,Battery Electric Vehicle (BEV),322,MD
Maryland,FIAT,500E,2014,Battery Electric Vehicle (BEV),87,MD
Maryland,CHEVROLET,BOLT EV,2020,Battery Electric Vehicle (BEV),259,MD
Maryland,TESLA,MODEL S,2017,Battery Electric Vehicle (BEV),210,MD
Maryland,KIA,SOUL,2016,Battery Electric Vehicle (BEV),93,MD
Maryland,MINI,COOPER SE COUNTRYMAN ALL4,2018,Plug-in Hybrid Electric Vehicle (PHEV),12,MD
Maryland,BMW,I3,2014,Plug-in Hybrid Electric Vehicle (PHEV),72,MD
Maryland,TESLA,MODEL 3,2019,Battery Electric Vehicle (BEV),220,MD
Maryland,CHEVROLET,VOLT,2019,Plug-in Hybrid Electric Vehicle (PHEV),53,MD
Maryland,NISSAN,LEAF,2019,Battery Electric Vehicle (BEV),150,MD
Maryland,FORD,C-MAX ENERGI,2016,Plug-in Hybrid Electric Vehicle (PHEV),19,MD
Maryland,TESLA,MODEL 3,2018,Battery Electric Vehicle (BEV),215,MD
Maryland,AUDI,A3 E-TRON,2016,Plug-in Hybrid Electric Vehicle (PHEV),16,MD
Maryland,NISSAN,LEAF,2020,Battery Electric Vehicle (BEV),215,MD
Maryland,TESLA,MODEL S,2015,Battery Electric Vehicle (BEV),208,MD
Maryland,CHEVROLET,VOLT,2018,Plug-in Hybrid Electric Vehicle (PHEV),53,MD
Maryland,TESLA,MODEL Y,2020,Battery Electric Vehicle (BEV),291,MD
Maryland,KIA,SOUL,2016,Battery Electric Vehicle (BEV),93,MD
Maryland,TESLA,MODEL 3,2018,Battery Electric Vehicle (BEV),215,MD
Maryland,CHEVROLET,VOLT,2016,Plug-in Hybrid Electric Vehicle (PHEV),53,MD
Maryland,HONDA,CLARITY,2018,Plug-in Hybrid Electric Vehicle (PHEV),47,MD
Maryland,CHEVROLET,BOLT,2017,Battery Electric Vehicle (BEV),238,MD
Maryland,TESLA,MODEL 3,2020,Battery Electric Vehicle (BEV),322,MD
Maryland,PORSCHE,CAYENNE,2020,Plug-in Hybrid Electric Vehicle (PHEV),14,MD
Maryland,FORD,FUSION ENERGI,2018,Plug-in Hybrid Electric Vehicle (PHEV),21,MD
Maryland,NISSAN,LEAF,2014,Battery Electric Vehicle (BEV),84,MD
Maryland,TESLA,MODEL 3,2018,Battery Electric Vehicle (BEV),215,MD
Maryland,CHEVROLET,BOLT,2017,Battery Electric Vehicle (BEV),238,MD
Maryland,CHEVROLET,VOLT,2016,Plug-in Hybrid Electric Vehicle (PHEV),53,MD
Maryland,CHRYSLER,PACIFICA,2018,Plug-in Hybrid Electric Vehicle (PHEV),33,MD
Maryland,TESLA,MODEL S,2015,Battery Electric Vehicle (BEV),208,MD
Maryland,TESLA,MODEL 3,2020,Battery Electric Vehicle (BEV),322,MD
Maryland,TESLA,MODEL 3,2019,Battery Electric Vehicle (BEV),220,MD
Maryland,VOLVO,XC60 AWD,2018,Plug-in Hybrid Electric Vehicle (PHEV),17,MD
Maryland,CHEVROLET,BOLT,2018,Battery Electric Vehicle (BEV),238,MD
Maryland,TESLA,MODEL S,2017,Battery Electric Vehicle (BEV),210,MD
Maryland,CHEVROLET,BOLT EV,2020,Battery Electric Vehicle (BEV),259,MD
Maryland,TESLA,MODEL S,2016,Battery Electric Vehicle (BEV),210,MD
Maryland,TOYOTA,PRIUS,2013,Plug-in Hybrid Electric Vehicle (PHEV),6,MD
Maryland,VOLVO,XC90 AWD,2017,Plug-in Hybrid Electric Vehicle (PHEV),14,MD
Maryland,TESLA,MODEL 3,2018,Battery Electric Vehicle (BEV),215,MD
Maryland,TOYOTA,PRIUS,2014,Plug-in Hybrid Electric Vehicle (PHEV),6,MD
Maryland,TESLA,MODEL S,2015,Battery Electric Vehicle (BEV),208,MD
Maryland,BMW,I3,2015,Plug-in Hybrid Electric Vehicle (PHEV),72,MD
Maryland,FORD,FOCUS,2015,Battery Electric Vehicle (BEV),76,MD
Maryland,NISSAN,LEAF,2018,Battery Electric Vehicle (BEV),151,MD
Maryland,NISSAN,LEAF,2011,Battery Electric Vehicle (BEV),73,MD
Maryland,TESLA,MODEL Y,2020,Battery Electric Vehicle (BEV),291,MD
Maryland,CHEVROLET,BOLT,2017,Battery Electric Vehicle (BEV),238,MD
Maryland,BMW,I3,2017,Plug-in Hybrid Electric Vehicle (PHEV),97,MD
Maryland,NISSAN,LEAF,2011,Battery Electric Vehicle (BEV),73,MD
Maryland,FORD,FUSION ENERGI,2016,Plug-in Hybrid Electric Vehicle (PHEV),19,MD
Maryland,TESLA,MODEL 3,2018,Battery Electric Vehicle (BEV),215,MD
Maryland,HONDA,CLARITY,2018,Plug-in Hybrid Electric Vehicle (PHEV),47,MD
Maryland,SMART,SMART FORTWO ELECTRIC DRIVE COUPE,2013,Battery Electric Vehicle (BEV),68,MD
Maryland,TESLA,MODEL X,2019,Battery Electric Vehicle (BEV),289,MD
Maryland,HYUNDAI,SONATA PLUG-IN HYBRID,2016,Plug-in Hybrid Electric Vehicle (PHEV),27,MD
Maryland,NISSAN,LEAF,2016,Battery Electric Vehicle (BEV),84,MD
Maryland,CHRYSLER,PACIFICA,2018,Plug-in Hybrid Electric Vehicle (PHEV),33,MD
Maryland,TESLA,MODEL X,2018,Battery Electric Vehicle (BEV),238,MD
Maryland,CHEVROLET,VOLT,2017,Plug-in Hybrid Electric Vehicle (PHEV),53,MD
Maryland,TESLA,MODEL 3,2018,Battery Electric Vehicle (BEV),215,MD
Maryland,TESLA,MODEL S,2020,Battery Electric Vehicle (BEV),337,MD
Maryland,NISSAN,LEAF,2018,Battery Electric Vehicle (BEV),151,MD
Maryland,FORD,FUSION,2020,Plug-in Hybrid Electric Vehicle (PHEV),26,MD
Maryland,TESLA,MODEL S,2013,Battery Electric Vehicle (BEV),208,MD
Maryland,NISSAN,LEAF,2012,Battery Electric Vehicle (BEV),73,MD
Maryland,TESLA,MODEL X,2018,Battery Electric Vehicle (BEV),238,MD
Maryland,TESLA,MODEL 3,2018,Battery Electric Vehicle (BEV),215,MD
Maryland,TESLA,MODEL X,2016,Battery Electric Vehicle (BEV),200,MD
Maryland,NISSAN,LEAF,2013,Battery Electric Vehicle (BEV),75,MD
Maryland,BMW,I3 WITH RANGE EXTENDER,2018,Plug-in Hybrid Electric Vehicle (PHEV),97,MD
Maryland,CHEVROLET,BOLT EV,2020,Battery Electric Vehicle (BEV),259,MD
Maryland,CHEVROLET,VOLT,2012,Plug-in Hybrid Electric Vehicle (PHEV),35,MD
Maryland,TOYOTA,PRIUS,2015,Plug-in Hybrid Electric Vehicle (PHEV),6,MD
Maryland,NISSAN,LEAF,2011,Battery Electric Vehicle (BEV),73,MD
Maryland,AUDI,A3 E-TRON,2018,Plug-in Hybrid Electric Vehicle (PHEV),16,MD
Maryland,NISSAN,LEAF,2013,Battery Electric Vehicle (BEV),75,MD
Maryland,NISSAN,LEAF,2012,Battery Electric Vehicle (BEV),73,MD
Maryland,TESLA,MODEL 3,2019,Battery Electric Vehicle (BEV),220,MD
Maryland,CHEVROLET,BOLT,2019,Battery Electric Vehicle (BEV),238,MD
Maryland,KIA,SOUL,2017,Battery Electric Vehicle (BEV),93,MD
Maryland,TESLA,MODEL Y,2020,Battery Electric Vehicle (BEV),291,MD
Maryland,CHEVROLET,VOLT,2017,Plug-in Hybrid Electric Vehicle (PHEV),53,MD
Maryland,KIA,SOUL,2016,Battery Electric Vehicle (BEV),93,MD
Maryland,TESLA,MODEL 3,2018,Battery Electric Vehicle (BEV),215,MD
Maryland,FORD,C-MAX ENERGI,2016,Plug-in Hybrid Electric Vehicle (PHEV),19,MD
Maryland,KIA,SOUL,2017,Battery Electric Vehicle (BEV),93,MD
Maryland,PORSCHE,PANAMERA,2018,Plug-in Hybrid Electric Vehicle (PHEV),16,MD
Maryland,TOYOTA,PRIUS PRIME,2017,Plug-in Hybrid Electric Vehicle (PHEV),25,MD
Maryland,NISSAN,LEAF,2015,Battery Electric Vehicle (BEV),84,MD
Maryland,TESLA,MODEL 3,2020,Battery Electric Vehicle (BEV),266,MD
Maryland,CHEVROLET,VOLT,2017,Plug-in Hybrid Electric Vehicle (PHEV),53,MD
Maryland,CHEVROLET,BOLT,2017,Battery Electric Vehicle (BEV),238,MD
Maryland,CHEVROLET,VOLT,2013,Plug-in Hybrid Electric Vehicle (PHEV),38,MD
Maryland,TESLA,MODEL Y,2020,Battery Electric Vehicle (BEV),291,MD
Maryland,TESLA,MODEL 3,2019,Battery Electric Vehicle (BEV),220,MD
Maryland,TOYOTA,PRIUS PRIME,2017,Plug-in Hybrid Electric Vehicle (PHEV),25,MD
Maryland,TESLA,MODEL X,2016,Battery Electric Vehicle (BEV),200,MD
Maryland,TESLA,MODEL Y,2020,Battery Electric Vehicle (BEV),291,MD
Maryland,FIAT,500E,2013,Battery Electric Vehicle (BEV),87,MD
Maryland,TESLA,MODEL 3,2019,Battery Electric Vehicle (BEV),220,MD
Maryland,TESLA,MODEL 3,2018,Battery Electric Vehicle (BEV),215,MD
Maryland,TESLA,MODEL S,2016,Battery Electric Vehicle (BEV),210,MD
Maryland,MINI,COOPER SE COUNTRYMAN ALL4,2019,Plug-in Hybrid Electric Vehicle (PHEV),12,MD
Maryland,FIAT,500E,2015,Battery Electric Vehicle (BEV),87,MD
Maryland,TESLA,MODEL S,2016,Battery Electric Vehicle (BEV),210,MD
Maryland,NISSAN,LEAF,2014,Battery Electric Vehicle (BEV),84,MD
Maryland,FIAT,500E,2015,Battery Electric Vehicle (BEV),87,MD
Maryland,NISSAN,LEAF,2013,Battery Electric Vehicle (BEV),75,MD
Maryland,TESLA,MODEL X,2017,Battery Electric Vehicle (BEV),200,MD
Maryland,BMW,X5 XDRIVE40E,2017,Plug-in Hybrid Electric Vehicle (PHEV),14,MD
Maryland,FORD,FUSION ENERGI,2013,Plug-in Hybrid Electric Vehicle (PHEV),19,MD
Maryland,NISSAN,LEAF,2017,Battery Electric Vehicle (BEV),107,MD
Maryland,TESLA,MODEL X,2020,Battery Electric Vehicle (BEV),293,MD
Maryland,TESLA,MODEL S,2015,Battery Electric Vehicle (BEV),208,MD
Maryland,BMW,I3,2015,Plug-in Hybrid Electric Vehicle (PHEV),72,MD
Maryland,NISSAN,LEAF,2018,Battery Electric Vehicle (BEV),151,MD
Maryland,MITSUBISHI,I-MIEV,2012,Battery Electric Vehicle (BEV),62,MD
Maryland,TESLA,MODEL 3,2018,Battery Electric Vehicle (BEV),215,MD
Maryland,CHEVROLET,VOLT,2012,Plug-in Hybrid Electric Vehicle (PHEV),35,MD
Maryland,NISSAN,LEAF,2017,Battery Electric Vehicle (BEV),107,MD
Maryland,NISSAN,LEAF,2015,Battery Electric Vehicle (BEV),84,MD
Maryland,TESLA,MODEL S,2016,Battery Electric Vehicle (BEV),210,MD
Maryland,TESLA,MODEL 3,2019,Battery Electric Vehicle (BEV),220,MD
Maryland,TESLA,MODEL 3,2020,Battery Electric Vehicle (BEV),322,MD
Maryland,NISSAN,LEAF,2015,Battery Electric Vehicle (BEV),84,MD
Maryland,TESLA,MODEL 3,2018,Battery Electric Vehicle (BEV),215,MD
Maryland,TESLA,MODEL 3,2020,Battery Electric Vehicle (BEV),266,MD
Maryland,TESLA,MODEL S,2019,Battery Electric Vehicle (BEV),270,MD
Maryland,TESLA,MODEL 3,2019,Battery Electric Vehicle (BEV),220,MD
Maryland,NISSAN,LEAF,2016,Battery Electric Vehicle (BEV),84,MD
Maryland,CHRYSLER,PACIFICA,2018,Plug-in Hybrid Electric Vehicle (PHEV),33,MD
Maryland,TESLA,MODEL S,2016,Battery Electric Vehicle (BEV),210,MD
Maryland,TESLA,MODEL 3,2019,Battery Electric Vehicle (BEV),220,MD
Maryland,CHEVROLET,BOLT,2017,Battery Electric Vehicle (BEV),238,MD
Maryland,TESLA,MODEL 3,2019,Battery Electric Vehicle (BEV),220,MD
Maryland,TESLA,MODEL 3,2020,Battery Electric Vehicle (BEV),266,MD
Maryland,NISSAN,LEAF,2012,Battery Electric Vehicle (BEV),73,MD
Maryland,TESLA,MODEL S,2017,Battery Electric Vehicle (BEV),210,MD
Maryland,TESLA,MODEL X,2020,Battery Electric Vehicle (BEV),289,MD
Maryland,NISSAN,LEAF,2016,Battery Electric Vehicle (BEV),84,MD
Maryland,NISSAN,LEAF,2019,Battery Electric Vehicle (BEV),150,MD
Maryland,TESLA,MODEL X,2018,Battery Electric Vehicle (BEV),238,MD
Maryland,NISSAN,LEAF,2015,Battery Electric Vehicle (BEV),84,MD
Maryland,TOYOTA,PRIUS,2013,Plug-in Hybrid Electric Vehicle (PHEV),6,MD
Maryland,TESLA,MODEL 3,2020,Battery Electric Vehicle (BEV),266,MD
Maryland,VOLKSWAGEN,E-GOLF,2019,Battery Electric Vehicle (BEV),125,MD
Maryland,NISSAN,LEAF,2014,Battery Electric Vehicle (BEV),84,MD
Maryland,CHRYSLER,PACIFICA HYBRID,2019,Plug-in Hybrid Electric Vehicle (PHEV),32,MD
Maryland,TESLA,MODEL S,2016,Battery Electric Vehicle (BEV),210,MD
Maryland,VOLVO,XC60 AWD,2018,Plug-in Hybrid Electric Vehicle (PHEV),17,MD
Maryland,MINI,COOPER SE COUNTRYMAN ALL4,2019,Plug-in Hybrid Electric Vehicle (PHEV),12,MD
Maryland,TESLA,MODEL 3,2018,Battery Electric Vehicle (BEV),215,MD
Maryland,TESLA,MODEL 3,2018,Battery Electric Vehicle (BEV),215,MD
Maryland,PORSCHE,CAYENNE,2016,Plug-in Hybrid Electric Vehicle (PHEV),14,MD
Maryland,TESLA,MODEL S,2017,Battery Electric Vehicle (BEV),210,MD
Maryland,NISSAN,LEAF,2018,Battery Electric Vehicle (BEV),151,MD
Maryland,MITSUBISHI,I-MIEV,2016,Battery Electric Vehicle (BEV),62,MD
Maryland,TESLA,MODEL Y,2020,Battery Electric Vehicle (BEV),291,MD
Maryland,TESLA,MODEL 3,2018,Battery Electric Vehicle (BEV),215,MD
Maryland,TESLA,MODEL 3,2018,Battery Electric Vehicle (BEV),215,MD
Maryland,TESLA,MODEL X,2016,Battery Electric Vehicle (BEV),200,MD
Maryland,BMW,I3,2017,Battery Electric Vehicle (BEV),81,MD
Maryland,MITSUBISHI,I-MIEV,2012,Battery Electric Vehicle (BEV),62,MD
Maryland,CHEVROLET,VOLT,2017,Plug-in Hybrid Electric Vehicle (PHEV),53,MD
Maryland,MERCEDES-BENZ,C350E,2018,Plug-in Hybrid Electric Vehicle (PHEV),8,MD
Maryland,NISSAN,LEAF,2016,Battery Electric Vehicle (BEV),84,MD
Maryland,CHEVROLET,VOLT,2018,Plug-in Hybrid Electric Vehicle (PHEV),53,MD
Maryland,TESLA,MODEL 3,2019,Battery Electric Vehicle (BEV),220,MD
Maryland,VOLKSWAGEN,E-GOLF,2015,Battery Electric Vehicle (BEV),83,MD
Maryland,TESLA,MODEL 3,2018,Battery Electric Vehicle (BEV),215,MD
Maryland,TESLA,MODEL 3,2019,Battery Electric Vehicle (BEV),220,MD
Maryland,TESLA,MODEL X,2018,Battery Electric Vehicle (BEV),238,MD
Maryland,TESLA,MODEL X,2019,Battery Electric Vehicle (BEV),289,MD
Maryland,TESLA,MODEL X,2016,Battery Electric Vehicle (BEV),200,MD
Maryland,CHEVROLET,VOLT,2012,Plug-in Hybrid Electric Vehicle (PHEV),35,MD
Maryland,VOLVO,XC90 AWD PHEV,2019,Plug-in Hybrid Electric Vehicle (PHEV),17,MD
Maryland,TESLA,MODEL S,2016,Battery Electric Vehicle (BEV),210,MD
Maryland,TESLA,MODEL 3,2018,Battery Electric Vehicle (BEV),215,MD
Maryland,TESLA,MODEL Y,2020,Battery Electric Vehicle (BEV),291,MD
Maryland,FIAT,500E,2013,Battery Electric Vehicle (BEV),87,MD
Maryland,CHEVROLET,BOLT,2019,Battery Electric Vehicle (BEV),238,MD
Maryland,TESLA,MODEL 3,2017,Battery Electric Vehicle (BEV),220,MD
Maryland,NISSAN,LEAF,2020,Battery Electric Vehicle (BEV),215,MD
Maryland,TESLA,MODEL X,2020,Battery Electric Vehicle (BEV),289,MD
Maryland,TESLA,MODEL 3,2018,Battery Electric Vehicle (BEV),215,MD
Maryland,NISSAN,LEAF,2015,Battery Electric Vehicle (BEV),84,MD
Maryland,AUDI,A3 E-TRON,2018,Plug-in Hybrid Electric Vehicle (PHEV),16,MD
Maryland,KIA,NIRO PLUG-IN HYBRID,2019,Plug-in Hybrid Electric Vehicle (PHEV),26,MD
Maryland,TESLA,MODEL X,2019,Battery Electric Vehicle (BEV),289,MD
Maryland,FORD,FUSION ENERGI,2015,Plug-in Hybrid Electric Vehicle (PHEV),19,MD
Maryland,BMW,I3,2016,Plug-in Hybrid Electric Vehicle (PHEV),72,MD
Maryland,TESLA,MODEL 3,2018,Battery Electric Vehicle (BEV),215,MD
Maryland,CHEVROLET,VOLT,2017,Plug-in Hybrid Electric Vehicle (PHEV),53,MD
Maryland,SUBARU,CROSSTREK HYBRID AWD,2019,Plug-in Hybrid Electric Vehicle (PHEV),17,MD
Maryland,TESLA,MODEL X,2018,Battery Electric Vehicle (BEV),238,MD
Maryland,NISSAN,LEAF,2011,Battery Electric Vehicle (BEV),73,MD
Maryland,FIAT,500E,2017,Battery Electric Vehicle (BEV),84,MD
Maryland,TESLA,MODEL S,2016,Battery Electric Vehicle (BEV),210,MD
Maryland,MITSUBISHI,OUTLANDER PHEV,2019,Plug-in Hybrid Electric Vehicle (PHEV),22,MD
Maryland,KIA,NIRO PLUG-IN HYBRID,2019,Plug-in Hybrid Electric Vehicle (PHEV),26,MD
Maryland,TOYOTA,PRIUS PRIME,2017,Plug-in Hybrid Electric Vehicle (PHEV),25,MD
Maryland,TESLA,MODEL 3,2019,Battery Electric Vehicle (BEV),220,MD
Maryland,TOYOTA,PRIUS,2013,Plug-in Hybrid Electric Vehicle (PHEV),6,MD
Maryland,TESLA,MODEL S,2016,Battery Electric Vehicle (BEV),210,MD
Maryland,TESLA,MODEL Y,2020,Battery Electric Vehicle (BEV),291,MD
Maryland,HYUNDAI,SONATA PLUG-IN HYBRID,2016,Plug-in Hybrid Electric Vehicle (PHEV),27,MD
Maryland,TOYOTA,PRIUS,2012,Plug-in Hybrid Electric Vehicle (PHEV),6,MD
Maryland,TESLA,MODEL 3,2018,Battery Electric Vehicle (BEV),215,MD
Maryland,TESLA,MODEL 3,2019,Battery Electric Vehicle (BEV),220,MD
Maryland,FORD,FOCUS,2015,Battery Electric Vehicle (BEV),76,MD
Maryland,TESLA,MODEL S,2015,Battery Electric Vehicle (BEV),208,MD
Maryland,CHEVROLET,VOLT,2013,Plug-in Hybrid Electric Vehicle (PHEV),38,MD
Maryland,NISSAN,LEAF,2013,Battery Electric Vehicle (BEV),75,MD
Maryland,NISSAN,LEAF,2012,Battery Electric Vehicle (BEV),73,MD
Maryland,TESLA,MODEL 3,2019,Battery Electric Vehicle (BEV),220,MD
Maryland,NISSAN,LEAF,2013,Battery Electric Vehicle (BEV),75,MD
Maryland,CHEVROLET,VOLT,2014,Plug-in Hybrid Electric Vehicle (PHEV),38,MD
Maryland,FORD,FUSION ENERGI,2017,Plug-in Hybrid Electric Vehicle (PHEV),21,MD
Maryland,CHEVROLET,BOLT,2017,Battery Electric Vehicle (BEV),238,MD
Maryland,NISSAN,LEAF,2015,Battery Electric Vehicle (BEV),84,MD
Maryland,FORD,FUSION ENERGI,2013,Plug-in Hybrid Electric Vehicle (PHEV),19,MD
Maryland,CHEVROLET,BOLT,2017,Battery Electric Vehicle (BEV),238,MD
Maryland,CHEVROLET,BOLT,2019,Battery Electric Vehicle (BEV),238,MD
Maryland,NISSAN,LEAF,2011,Battery Electric Vehicle (BEV),73,MD
Maryland,FORD,FUSION ENERGI,2015,Plug-in Hybrid Electric Vehicle (PHEV),19,MD
Maryland,CHRYSLER,PACIFICA,2018,Plug-in Hybrid Electric Vehicle (PHEV),33,MD
Maryland,TESLA,MODEL Y,2020,Battery Electric Vehicle (BEV),291,MD
Maryland,CHEVROLET,BOLT,2018,Battery Electric Vehicle (BEV),238,MD
Maryland,CHEVROLET,BOLT,2019,Battery Electric Vehicle (BEV),238,MD
Maryland,FORD,C-MAX ENERGI,2015,Plug-in Hybrid Electric Vehicle (PHEV),19,MD
Maryland,CHRYSLER,PACIFICA,2018,Plug-in Hybrid Electric Vehicle (PHEV),33,MD
Maryland,TESLA,MODEL 3,2018,Battery Electric Vehicle (BEV),215,MD
Maryland,TESLA,MODEL 3,2018,Battery Electric Vehicle (BEV),215,MD
Maryland,KIA,SOUL,2016,Battery Electric Vehicle (BEV),93,MD
Maryland,FORD,FUSION ENERGI,2016,Plug-in Hybrid Electric Vehicle (PHEV),19,MD
Maryland,TESLA,MODEL S,2015,Battery Electric Vehicle (BEV),208,MD
Maryland,NISSAN,LEAF,2018,Battery Electric Vehicle (BEV),151,MD
Maryland,CHEVROLET,BOLT,2018,Battery Electric Vehicle (BEV),238,MD
Maryland,NISSAN,LEAF,2015,Battery Electric Vehicle (BEV),84,MD
Maryland,TESLA,MODEL X,2018,Battery Electric Vehicle (BEV),238,MD
Maryland,VOLKSWAGEN,E-GOLF,2019,Battery Electric Vehicle (BEV),125,MD
Maryland,CHEVROLET,VOLT,2017,Plug-in Hybrid Electric Vehicle (PHEV),53,MD
Maryland,TESLA,MODEL 3,2019,Battery Electric Vehicle (BEV),220,MD
Maryland,BMW,I8 COUPE,2016,Plug-in Hybrid Electric Vehicle (PHEV),14,MD
Maryland,CHEVROLET,VOLT,2011,Plug-in Hybrid Electric Vehicle (PHEV),35,MD
Maryland,CHEVROLET,VOLT,2018,Plug-in Hybrid Electric Vehicle (PHEV),53,MD
Maryland,TESLA,ROADSTER,2010,Battery Electric Vehicle (BEV),245,MD
Maryland,KIA,SOUL,2017,Battery Electric Vehicle (BEV),93,MD
Maryland,BMW,X5 XDRIVE40E,2017,Plug-in Hybrid Electric Vehicle (PHEV),14,MD
Maryland,TESLA,MODEL Y,2020,Battery Electric Vehicle (BEV),291,MD
Maryland,CHEVROLET,BOLT EV,2020,Battery Electric Vehicle (BEV),259,MD
Maryland,NISSAN,LEAF,2016,Battery Electric Vehicle (BEV),84,MD
Maryland,VOLKSWAGEN,E-GOLF,2019,Battery Electric Vehicle (BEV),125,MD
Maryland,CHEVROLET,BOLT,2017,Battery Electric Vehicle (BEV),238,MD
Maryland,VOLKSWAGEN,E-GOLF,2019,Battery Electric Vehicle (BEV),125,MD
Maryland,TOYOTA,PRIUS PRIME,2019,Plug-in Hybrid Electric Vehicle (PHEV),25,MD
Maryland,NISSAN,LEAF,2012,Battery Electric Vehicle (BEV),73,MD
Maryland,TOYOTA,PRIUS,2012,Plug-in Hybrid Electric Vehicle (PHEV),6,MD
Maryland,NISSAN,LEAF,2015,Battery Electric Vehicle (BEV),84,MD
Maryland,CHEVROLET,VOLT,2016,Plug-in Hybrid Electric Vehicle (PHEV),53,MD
Maryland,TESLA,MODEL 3,2018,Battery Electric Vehicle (BEV),215,MD
Maryland,TESLA,MODEL X,2018,Battery Electric Vehicle (BEV),238,MD
Maryland,FORD,C-MAX ENERGI,2016,Plug-in Hybrid Electric Vehicle (PHEV),19,MD
Maryland,NISSAN,LEAF,2013,Battery Electric Vehicle (BEV),75,MD
Maryland,BMW,I3,2017,Plug-in Hybrid Electric Vehicle (PHEV),97,MD
Maryland,TOYOTA,PRIUS PRIME,2020,Plug-in Hybrid Electric Vehicle (PHEV),25,MD
Maryland,NISSAN,LEAF,2015,Battery Electric Vehicle (BEV),84,MD
Maryland,CHEVROLET,VOLT,2017,Plug-in Hybrid Electric Vehicle (PHEV),53,MD
Maryland,FORD,FOCUS,2013,Battery Electric Vehicle (BEV),76,MD
Maryland,TESLA,MODEL 3,2020,Battery Electric Vehicle (BEV),266,MD
Maryland,CHEVROLET,VOLT,2012,Plug-in Hybrid Electric Vehicle (PHEV),35,MD
Maryland,TESLA,MODEL X,2017,Battery Electric Vehicle (BEV),200,MD
Maryland,MINI,COOPER,2021,Battery Electric Vehicle (BEV),110,MD
Maryland,TESLA,MODEL S,2015,Battery Electric Vehicle (BEV),208,MD
Maryland,NISSAN,LEAF,2013,Battery Electric Vehicle (BEV),75,MD
Maryland,NISSAN,LEAF,2015,Battery Electric Vehicle (BEV),84,MD
Maryland,TESLA,MODEL Y,2020,Battery Electric Vehicle (BEV),291,MD
Maryland,TESLA,MODEL 3,2019,Battery Electric Vehicle (BEV),220,MD
Maryland,TESLA,MODEL 3,2019,Battery Electric Vehicle (BEV),220,MD
Maryland,FORD,C-MAX ENERGI,2013,Plug-in Hybrid Electric Vehicle (PHEV),19,MD
Maryland,NISSAN,LEAF,2016,Battery Electric Vehicle (BEV),84,MD
Maryland,CHEVROLET,VOLT,2019,Plug-in Hybrid Electric Vehicle (PHEV),53,MD
Maryland,FIAT,500E,2017,Battery Electric Vehicle (BEV),84,MD
Maryland,PORSCHE,PANAMERA,2014,Plug-in Hybrid Electric Vehicle (PHEV),15,MD
Maryland,NISSAN,LEAF,2014,Battery Electric Vehicle (BEV),84,MD
Maryland,FORD,FUSION ENERGI,2014,Plug-in Hybrid Electric Vehicle (PHEV),19,MD
Maryland,TESLA,MODEL 3,2020,Battery Electric Vehicle (BEV),266,MD
Maryland,NISSAN,LEAF,2015,Battery Electric Vehicle (BEV),84,MD
Maryland,NISSAN,LEAF,2013,Battery Electric Vehicle (BEV),75,MD
Maryland,CHRYSLER,PACIFICA,2018,Plug-in Hybrid Electric Vehicle (PHEV),33,MD
Maryland,CHEVROLET,VOLT,2017,Plug-in Hybrid Electric Vehicle (PHEV),53,MD
Maryland,TESLA,MODEL 3,2018,Battery Electric Vehicle (BEV),215,MD
Maryland,TESLA,MODEL X,2019,Battery Electric Vehicle (BEV),289,MD
Maryland,HONDA,CLARITY,2018,Plug-in Hybrid Electric Vehicle (PHEV),47,MD
Maryland,TESLA,MODEL 3,2018,Battery Electric Vehicle (BEV),215,MD
Maryland,VOLKSWAGEN,E-GOLF,2015,Battery Electric Vehicle (BEV),83,MD
Maryland,TESLA,MODEL 3,2019,Battery Electric Vehicle (BEV),220,MD
Maryland,FORD,FUSION ENERGI,2016,Plug-in Hybrid Electric Vehicle (PHEV),19,MD
Maryland,NISSAN,LEAF,2015,Battery Electric Vehicle (BEV),84,MD
Maryland,NISSAN,LEAF,2017,Battery Electric Vehicle (BEV),107,MD
Maryland,NISSAN,LEAF,2013,Battery Electric Vehicle (BEV),75,MD
Maryland,TESLA,MODEL S,2015,Battery Electric Vehicle (BEV),208,MD
Maryland,TOYOTA,PRIUS PRIME,2020,Plug-in Hybrid Electric Vehicle (PHEV),25,MD
Maryland,CHEVROLET,VOLT,2017,Plug-in Hybrid Electric Vehicle (PHEV),53,MD
Maryland,FORD,C-MAX ENERGI,2017,Plug-in Hybrid Electric Vehicle (PHEV),20,MD
Maryland,TESLA,MODEL X,2018,Battery Electric Vehicle (BEV),238,MD
Maryland,TESLA,MODEL 3,2020,Battery Electric Vehicle (BEV),322,MD
Maryland,TESLA,MODEL Y,2020,Battery Electric Vehicle (BEV),291,MD
Maryland,KIA,NIRO PLUG-IN HYBRID,2019,Plug-in Hybrid Electric Vehicle (PHEV),26,MD
Maryland,CHEVROLET,VOLT,2015,Plug-in Hybrid Electric Vehicle (PHEV),38,MD
Maryland,CHEVROLET,BOLT,2017,Battery Electric Vehicle (BEV),238,MD
Maryland,NISSAN,LEAF,2015,Battery Electric Vehicle (BEV),84,MD
Maryland,CHEVROLET,BOLT,2019,Battery Electric Vehicle (BEV),238,MD
Maryland,HONDA,CLARITY,2018,Plug-in Hybrid Electric Vehicle (PHEV),47,MD
Maryland,FORD,FOCUS,2017,Battery Electric Vehicle (BEV),100,MD
Maryland,MERCEDES-BENZ,GLE550E,2017,Plug-in Hybrid Electric Vehicle (PHEV),10,MD
Maryland,VOLKSWAGEN,E-GOLF,2016,Battery Electric Vehicle (BEV),83,MD
Maryland,JAGUAR,I-PACE,2020,Battery Electric Vehicle (BEV),234,MD
Maryland,VOLKSWAGEN,E-GOLF,2019,Battery Electric Vehicle (BEV),125,MD
Maryland,TESLA,MODEL 3,2020,Battery Electric Vehicle (BEV),266,MD
Maryland,TESLA,MODEL S,2017,Battery Electric Vehicle (BEV),210,MD
Maryland,BMW,I3,2014,Plug-in Hybrid Electric Vehicle (PHEV),72,MD
Maryland,TESLA,MODEL X,2017,Battery Electric Vehicle (BEV),200,MD
Maryland,FIAT,500E,2015,Battery Electric Vehicle (BEV),87,MD
Maryland,TESLA,MODEL 3,2020,Battery Electric Vehicle (BEV),322,MD
Maryland,TESLA,MODEL 3,2020,Battery Electric Vehicle (BEV),266,MD
Maryland,CHEVROLET,VOLT,2016,Plug-in Hybrid Electric Vehicle (PHEV),53,MD
Maryland,CHEVROLET,VOLT,2014,Plug-in Hybrid Electric Vehicle (PHEV),38,MD
Maryland,TESLA,MODEL 3,2018,Battery Electric Vehicle (BEV),215,MD
Maryland,HYUNDAI,SONATA PLUG-IN HYBRID,2016,Plug-in Hybrid Electric Vehicle (PHEV),27,MD
Maryland,NISSAN,LEAF,2019,Battery Electric Vehicle (BEV),150,MD
Maryland,TESLA,MODEL 3,2019,Battery Electric Vehicle (BEV),220,MD
Maryland,NISSAN,LEAF,2016,Battery Electric Vehicle (BEV),84,MD
Maryland,FORD,C-MAX ENERGI,2015,Plug-in Hybrid Electric Vehicle (PHEV),19,MD
Maryland,CHEVROLET,VOLT,2017,Plug-in Hybrid Electric Vehicle (PHEV),53,MD
Maryland,VOLVO,XC90 AWD,2018,Plug-in Hybrid Electric Vehicle (PHEV),19,MD
Maryland,TESLA,MODEL 3,2018,Battery Electric Vehicle (BEV),215,MD
Maryland,NISSAN,LEAF,2015,Battery Electric Vehicle (BEV),84,MD
Maryland,TESLA,MODEL 3,2020,Battery Electric Vehicle (BEV),266,MD
Maryland,HONDA,CLARITY,2018,Plug-in Hybrid Electric Vehicle (PHEV),47,MD
Maryland,BMW,I3,2015,Plug-in Hybrid Electric Vehicle (PHEV),72,MD
Maryland,TESLA,MODEL 3,2020,Battery Electric Vehicle (BEV),322,MD
Maryland,TESLA,MODEL 3,2019,Battery Electric Vehicle (BEV),220,MD
Maryland,TESLA,MODEL X,2018,Battery Electric Vehicle (BEV),238,MD
Maryland,NISSAN,LEAF,2013,Battery Electric Vehicle (BEV),75,MD
Maryland,CHEVROLET,BOLT,2018,Battery Electric Vehicle (BEV),238,MD
Maryland,TESLA,MODEL 3,2018,Battery Electric Vehicle (BEV),215,MD
Maryland,MITSUBISHI,I-MIEV,2012,Battery Electric Vehicle (BEV),62,MD
Maryland,PORSCHE,PANAMERA,2018,Plug-in Hybrid Electric Vehicle (PHEV),14,MD
Maryland,BMW,X5 XDRIVE40E,2017,Plug-in Hybrid Electric Vehicle (PHEV),14,MD
Maryland,NISSAN,LEAF,2013,Battery Electric Vehicle (BEV),75,MD
Maryland,CHEVROLET,VOLT,2013,Plug-in Hybrid Electric Vehicle (PHEV),38,MD
Maryland,NISSAN,LEAF,2018,Battery Electric Vehicle (BEV),151,MD
Maryland,VOLKSWAGEN,E-GOLF,2015,Battery Electric Vehicle (BEV),83,MD
Maryland,TESLA,MODEL 3,2019,Battery Electric Vehicle (BEV),220,MD
Maryland,BMW,I3,2015,Plug-in Hybrid Electric Vehicle (PHEV),72,MD
Maryland,NISSAN,LEAF,2011,Battery Electric Vehicle (BEV),73,MD
Maryland,KIA,SOUL,2016,Battery Electric Vehicle (BEV),93,MD
Maryland,TESLA,MODEL X,2019,Battery Electric Vehicle (BEV),289,MD
Maryland,HONDA,CLARITY,2018,Plug-in Hybrid Electric Vehicle (PHEV),47,MD
Maryland,BMW,X5 XDRIVE40E,2017,Plug-in Hybrid Electric Vehicle (PHEV),14,MD
Maryland,TESLA,MODEL S,2016,Battery Electric Vehicle (BEV),210,MD
Maryland,TOYOTA,PRIUS,2014,Plug-in Hybrid Electric Vehicle (PHEV),6,MD
Maryland,FIAT,500E,2016,Battery Electric Vehicle (BEV),84,MD
Maryland,TESLA,MODEL 3,2020,Battery Electric Vehicle (BEV),322,MD
Maryland,TESLA,MODEL 3,2018,Battery Electric Vehicle (BEV),215,MD
Maryland,TESLA,MODEL 3,2018,Battery Electric Vehicle (BEV),215,MD
Maryland,CHEVROLET,VOLT,2017,Plug-in Hybrid Electric Vehicle (PHEV),53,MD
Maryland,CHEVROLET,BOLT,2017,Battery Electric Vehicle (BEV),238,MD
Maryland,NISSAN,LEAF,2013,Battery Electric Vehicle (BEV),75,MD
Maryland,TESLA,MODEL 3,2020,Battery Electric Vehicle (BEV),266,MD
Maryland,HONDA,CLARITY,2018,Plug-in Hybrid Electric Vehicle (PHEV),47,MD
Maryland,FIAT,500E,2017,Battery Electric Vehicle (BEV),84,MD
Maryland,KIA,SOUL,2017,Battery Electric Vehicle (BEV),93,MD
Maryland,NISSAN,LEAF,2017,Battery Electric Vehicle (BEV),107,MD
Maryland,TESLA,MODEL 3,2020,Battery Electric Vehicle (BEV),322,MD
Maryland,CHEVROLET,BOLT,2018,Battery Electric Vehicle (BEV),238,MD
Maryland,TESLA,MODEL 3,2020,Battery Electric Vehicle (BEV),266,MD
Maryland,TOYOTA,PRIUS PRIME,2017,Plug-in Hybrid Electric Vehicle (PHEV),25,MD
Maryland,NISSAN,LEAF,2015,Battery Electric Vehicle (BEV),84,MD
Maryland,NISSAN,LEAF,2018,Battery Electric Vehicle (BEV),151,MD
Maryland,TESLA,MODEL S,2017,Battery Electric Vehicle (BEV),210,MD
Maryland,TESLA,MODEL 3,2019,Battery Electric Vehicle (BEV),220,MD
Maryland,TESLA,MODEL S,2016,Battery Electric Vehicle (BEV),210,MD
Maryland,FORD,FUSION ENERGI,2016,Plug-in Hybrid Electric Vehicle (PHEV),19,MD
Maryland,CHEVROLET,BOLT,2017,Battery Electric Vehicle (BEV),238,MD
Maryland,FORD,FUSION ENERGI,2017,Plug-in Hybrid Electric Vehicle (PHEV),21,MD
Maryland,FIAT,500E,2016,Battery Electric Vehicle (BEV),84,MD
Maryland,NISSAN,LEAF,2015,Battery Electric Vehicle (BEV),84,MD
Maryland,TESLA,MODEL 3,2018,Battery Electric Vehicle (BEV),215,MD
Maryland,TESLA,MODEL 3,2018,Battery Electric Vehicle (BEV),215,MD
Maryland,TESLA,MODEL 3,2020,Battery Electric Vehicle (BEV),266,MD
Maryland,CHEVROLET,VOLT,2013,Plug-in Hybrid Electric Vehicle (PHEV),38,MD
Maryland,NISSAN,LEAF,2016,Battery Electric Vehicle (BEV),84,MD
Maryland,TESLA,MODEL 3,2019,Battery Electric Vehicle (BEV),220,MD
Maryland,TOYOTA,PRIUS PRIME,2017,Plug-in Hybrid Electric Vehicle (PHEV),25,MD
Maryland,NISSAN,LEAF,2011,Battery Electric Vehicle (BEV),73,MD
Maryland,TESLA,MODEL Y,2020,Battery Electric Vehicle (BEV),291,MD
Maryland,TESLA,MODEL S,2016,Battery Electric Vehicle (BEV),210,MD
Maryland,FORD,FOCUS,2013,Battery Electric Vehicle (BEV),76,MD
Maryland,NISSAN,LEAF,2017,Battery Electric Vehicle (BEV),107,MD
Maryland,TESLA,MODEL X,2017,Battery Electric Vehicle (BEV),200,MD
Maryland,KIA,NIRO PLUG-IN HYBRID,2019,Plug-in Hybrid Electric Vehicle (PHEV),26,MD
Maryland,CHEVROLET,VOLT,2014,Plug-in Hybrid Electric Vehicle (PHEV),38,MD
Maryland,TESLA,MODEL 3,2018,Battery Electric Vehicle (BEV),215,MD
Maryland,FORD,FUSION ENERGI,2016,Plug-in Hybrid Electric Vehicle (PHEV),19,MD
Maryland,CHEVROLET,VOLT,2017,Plug-in Hybrid Electric Vehicle (PHEV),53,MD
Maryland,CHEVROLET,BOLT,2017,Battery Electric Vehicle (BEV),238,MD
Maryland,CHEVROLET,VOLT,2015,Plug-in Hybrid Electric Vehicle (PHEV),38,MD
Maryland,TESLA,MODEL X,2017,Battery Electric Vehicle (BEV),200,MD
Maryland,CHRYSLER,PACIFICA HYBRID,2019,Plug-in Hybrid Electric Vehicle (PHEV),32,MD
Maryland,TOYOTA,PRIUS PRIME,2017,Plug-in Hybrid Electric Vehicle (PHEV),25,MD
Maryland,TESLA,MODEL 3,2018,Battery Electric Vehicle (BEV),215,MD
Maryland,FORD,C-MAX ENERGI,2014,Plug-in Hybrid Electric Vehicle (PHEV),19,MD
Maryland,FORD,C-MAX ENERGI,2015,Plug-in Hybrid Electric Vehicle (PHEV),19,MD
Maryland,TOYOTA,PRIUS,2014,Plug-in Hybrid Electric Vehicle (PHEV),6,MD
Maryland,CHRYSLER,PACIFICA,2017,Plug-in Hybrid Electric Vehicle (PHEV),33,MD
Maryland,TESLA,MODEL 3,2019,Battery Electric Vehicle (BEV),220,MD
Maryland,TESLA,MODEL 3,2018,Battery Electric Vehicle (BEV),215,MD
Maryland,TESLA,MODEL 3,2018,Battery Electric Vehicle (BEV),215,MD
Maryland,NISSAN,LEAF,2017,Battery Electric Vehicle (BEV),107,MD
Maryland,TESLA,MODEL 3,2020,Battery Electric Vehicle (BEV),322,MD
Maryland,TESLA,MODEL 3,2018,Battery Electric Vehicle (BEV),215,MD
Maryland,NISSAN,LEAF,2011,Battery Electric Vehicle (BEV),73,MD
Maryland,AUDI,A3 E-TRON,2017,Plug-in Hybrid Electric Vehicle (PHEV),16,MD
Maryland,TESLA,MODEL 3,2019,Battery Electric Vehicle (BEV),220,MD
Maryland,TOYOTA,PRIUS PRIME,2017,Plug-in Hybrid Electric Vehicle (PHEV),25,MD
Maryland,TESLA,MODEL 3,2019,Battery Electric Vehicle (BEV),220,MD
Maryland,CHEVROLET,BOLT,2017,Battery Electric Vehicle (BEV),238,MD
Maryland,TESLA,MODEL S,2014,Battery Electric Vehicle (BEV),208,MD
Maryland,NISSAN,LEAF,2012,Battery Electric Vehicle (BEV),73,MD
Maryland,CHEVROLET,VOLT,2017,Plug-in Hybrid Electric Vehicle (PHEV),53,MD
Maryland,NISSAN,LEAF,2015,Battery Electric Vehicle (BEV),84,MD
Maryland,NISSAN,LEAF,2019,Battery Electric Vehicle (BEV),150,MD
Maryland,HYUNDAI,SONATA PLUG-IN HYBRID,2016,Plug-in Hybrid Electric Vehicle (PHEV),27,MD
Maryland,TESLA,MODEL X,2016,Battery Electric Vehicle (BEV),200,MD
Maryland,NISSAN,LEAF,2018,Battery Electric Vehicle (BEV),151,MD
Maryland,NISSAN,LEAF,2019,Battery Electric Vehicle (BEV),150,MD
Maryland,TESLA,MODEL 3,2019,Battery Electric Vehicle (BEV),220,MD
Maryland,NISSAN,LEAF,2012,Battery Electric Vehicle (BEV),73,MD
Maryland,TESLA,MODEL 3,2019,Battery Electric Vehicle (BEV),220,MD
Maryland,NISSAN,LEAF,2016,Battery Electric Vehicle (BEV),84,MD
Maryland,TESLA,MODEL 3,2018,Battery Electric Vehicle (BEV),215,MD
Maryland,TESLA,MODEL 3,2018,Battery Electric Vehicle (BEV),215,MD
Maryland,NISSAN,LEAF,2015,Battery Electric Vehicle (BEV),84,MD
Maryland,CHEVROLET,BOLT,2017,Battery Electric Vehicle (BEV),238,MD
Maryland,TESLA,MODEL 3,2020,Battery Electric Vehicle (BEV),322,MD
Maryland,TESLA,MODEL X,2020,Battery Electric Vehicle (BEV),289,MD
Maryland,NISSAN,LEAF,2015,Battery Electric Vehicle (BEV),84,MD
Maryland,HYUNDAI,SONATA PLUG-IN HYBRID,2016,Plug-in Hybrid Electric Vehicle (PHEV),27,MD
Maryland,KIA,NIRO PLUG-IN HYBRID,2019,Plug-in Hybrid Electric Vehicle (PHEV),26,MD
Maryland,PORSCHE,CAYENNE,2017,Plug-in Hybrid Electric Vehicle (PHEV),14,MD
Maryland,TESLA,MODEL 3,2019,Battery Electric Vehicle (BEV),220,MD
Maryland,TESLA,MODEL 3,2019,Battery Electric Vehicle (BEV),220,MD
Maryland,NISSAN,LEAF,2012,Battery Electric Vehicle (BEV),73,MD
Maryland,CHEVROLET,VOLT,2017,Plug-in Hybrid Electric Vehicle (PHEV),53,MD
Maryland,TESLA,MODEL 3,2019,Battery Electric Vehicle (BEV),220,MD
Maryland,TESLA,MODEL S,2013,Battery Electric Vehicle (BEV),208,MD
Maryland,AUDI,A3 E-TRON,2017,Plug-in Hybrid Electric Vehicle (PHEV),16,MD
Maryland,FORD,C-MAX ENERGI,2014,Plug-in Hybrid Electric Vehicle (PHEV),19,MD
Maryland,NISSAN,LEAF,2018,Battery Electric Vehicle (BEV),151,MD
Maryland,TESLA,MODEL 3,2020,Battery Electric Vehicle (BEV),322,MD
Maryland,TESLA,MODEL S,2017,Battery Electric Vehicle (BEV),210,MD
Maryland,NISSAN,LEAF,2011,Battery Electric Vehicle (BEV),73,MD
Maryland,NISSAN,LEAF,2013,Battery Electric Vehicle (BEV),75,MD
Maryland,TESLA,MODEL Y,2020,Battery Electric Vehicle (BEV),291,MD
Maryland,KIA,NIRO PLUG-IN HYBRID,2019,Plug-in Hybrid Electric Vehicle (PHEV),26,MD
Maryland,TESLA,MODEL S,2014,Battery Electric Vehicle (BEV),208,MD
Maryland,CHEVROLET,VOLT,2017,Plug-in Hybrid Electric Vehicle (PHEV),53,MD
Maryland,PORSCHE,PANAMERA,2020,Plug-in Hybrid Electric Vehicle (PHEV),14,MD
Maryland,CHEVROLET,VOLT,2014,Plug-in Hybrid Electric Vehicle (PHEV),38,MD
Maryland,TESLA,MODEL X,2018,Battery Electric Vehicle (BEV),238,MD
Maryland,CHEVROLET,VOLT,2017,Plug-in Hybrid Electric Vehicle (PHEV),53,MD
Maryland,TESLA,MODEL X,2018,Battery Electric Vehicle (BEV),238,MD
Maryland,SUBARU,CROSSTREK HYBRID AWD,2019,Plug-in Hybrid Electric Vehicle (PHEV),17,MD
Maryland,NISSAN,LEAF,2015,Battery Electric Vehicle (BEV),84,MD
Maryland,TESLA,MODEL 3,2020,Battery Electric Vehicle (BEV),266,MD
Maryland,NISSAN,LEAF,2020,Battery Electric Vehicle (BEV),149,MD
Maryland,TESLA,MODEL S,2017,Battery Electric Vehicle (BEV),210,MD
Maryland,TESLA,MODEL X,2018,Battery Electric Vehicle (BEV),238,MD
Maryland,TESLA,MODEL 3,2018,Battery Electric Vehicle (BEV),215,MD
Maryland,CHEVROLET,VOLT,2014,Plug-in Hybrid Electric Vehicle (PHEV),38,MD
Maryland,NISSAN,LEAF,2011,Battery Electric Vehicle (BEV),73,MD
Maryland,BMW,I3,2017,Battery Electric Vehicle (BEV),81,MD
Maryland,HYUNDAI,IONIQ,2020,Plug-in Hybrid Electric Vehicle (PHEV),29,MD
Maryland,BMW,I3,2014,Plug-in Hybrid Electric Vehicle (PHEV),72,MD
Maryland,TESLA,MODEL 3,2018,Battery Electric Vehicle (BEV),215,MD
Maryland,CHEVROLET,VOLT,2012,Plug-in Hybrid Electric Vehicle (PHEV),35,MD
